--
-- PostgreSQL database dump
--

-- Dumped from database version 14.5
-- Dumped by pg_dump version 14.5

SET statement_timeout = 0;
SET lock_timeout = 0;
SET idle_in_transaction_session_timeout = 0;
SET client_encoding = 'UTF8';
SET standard_conforming_strings = on;
SELECT pg_catalog.set_config('search_path', '', false);
SET check_function_bodies = false;
SET xmloption = content;
SET client_min_messages = warning;
SET row_security = off;

SET default_tablespace = '';

SET default_table_access_method = heap;

--
-- Name: Calendars; Type: TABLE; Schema: public; Owner: -
--

CREATE TABLE public."Calendars" (
    "Id" uuid NOT NULL,
    "Year" integer NOT NULL,
    "IsMain" boolean NOT NULL,
    "WelderId" uuid,
    "WeldingEquipmentId" uuid
);


--
-- Name: Chiefs; Type: TABLE; Schema: public; Owner: -
--

CREATE TABLE public."Chiefs" (
    "Id" uuid NOT NULL,
    "UserId" uuid NOT NULL,
    "WeldingEquipmentId" uuid
);


--
-- Name: Days; Type: TABLE; Schema: public; Owner: -
--

CREATE TABLE public."Days" (
    "Id" uuid NOT NULL,
    "MonthNumber" integer NOT NULL,
    "Number" integer NOT NULL,
    "IsWorkingDay" boolean NOT NULL,
    "CalendarId" uuid NOT NULL
);


--
-- Name: EventLogs; Type: TABLE; Schema: public; Owner: -
--

CREATE TABLE public."EventLogs" (
    "Id" uuid NOT NULL,
    "Information" character varying(200) NOT NULL,
    "DateTime" timestamp without time zone NOT NULL,
    "UserId" uuid
);


--
-- Name: Inspectors; Type: TABLE; Schema: public; Owner: -
--

CREATE TABLE public."Inspectors" (
    "Id" uuid NOT NULL,
    "UserId" uuid NOT NULL
);


--
-- Name: LayerInstructions; Type: TABLE; Schema: public; Owner: -
--

CREATE TABLE public."LayerInstructions" (
    "Id" uuid NOT NULL,
    "WeldingCurrentMin" double precision NOT NULL,
    "WeldingCurrentMax" double precision NOT NULL,
    "ArcVoltageMin" double precision,
    "ArcVoltageMax" double precision,
    "PreheatingTemperatureMin" double precision NOT NULL,
    "PreheatingTemperatureMax" double precision NOT NULL,
    "WeldPassageId" uuid
);


--
-- Name: Masters; Type: TABLE; Schema: public; Owner: -
--

CREATE TABLE public."Masters" (
    "Id" uuid NOT NULL,
    "UserId" uuid NOT NULL,
    "WeldingEquipmentId" uuid
);


--
-- Name: Posts; Type: TABLE; Schema: public; Owner: -
--

CREATE TABLE public."Posts" (
    "Id" uuid NOT NULL,
    "Number" integer NOT NULL,
    "ProductionAreaId" uuid NOT NULL
);


--
-- Name: ProductInsides; Type: TABLE; Schema: public; Owner: -
--

CREATE TABLE public."ProductInsides" (
    "MainProductId" uuid NOT NULL,
    "InsideProductId" uuid NOT NULL
);


--
-- Name: ProductionAreas; Type: TABLE; Schema: public; Owner: -
--

CREATE TABLE public."ProductionAreas" (
    "Id" uuid NOT NULL,
    "Name" text NOT NULL,
    "Number" integer NOT NULL,
    "WorkshopId" uuid NOT NULL
);


--
-- Name: Products; Type: TABLE; Schema: public; Owner: -
--

CREATE TABLE public."Products" (
    "Id" uuid NOT NULL,
    "Name" text,
    "Number" integer NOT NULL,
    "IsControlSubject" boolean NOT NULL,
    "ProductType" integer NOT NULL,
    "TechnologicalProcessId" uuid,
    "ProductionAreaId" uuid,
    "WorkplaceId" uuid
);


--
-- Name: Roles; Type: TABLE; Schema: public; Owner: -
--

CREATE TABLE public."Roles" (
    "Id" uuid NOT NULL,
    "Name" text NOT NULL
);


--
-- Name: Seams; Type: TABLE; Schema: public; Owner: -
--

CREATE TABLE public."Seams" (
    "Id" uuid NOT NULL,
    "Number" integer NOT NULL,
    "IsControlSubject" boolean NOT NULL,
    "ProductId" uuid,
    "ProductionAreaId" uuid,
    "WorkplaceId" uuid
);


--
-- Name: TechnologicalInstruction; Type: TABLE; Schema: public; Owner: -
--

CREATE TABLE public."TechnologicalInstruction" (
    "Id" uuid NOT NULL,
    "Number" integer NOT NULL,
    "Name" text NOT NULL,
    "SeamId" uuid NOT NULL,
    "TechnologicalProcessId" uuid
);


--
-- Name: TechnologicalProcesses; Type: TABLE; Schema: public; Owner: -
--

CREATE TABLE public."TechnologicalProcesses" (
    "Id" uuid NOT NULL,
    "Number" integer NOT NULL,
    "Name" text NOT NULL,
    "PdmSystemFileLink" text NOT NULL
);


--
-- Name: UserRoles; Type: TABLE; Schema: public; Owner: -
--

CREATE TABLE public."UserRoles" (
    "UserId" uuid NOT NULL,
    "RoleId" uuid NOT NULL
);


--
-- Name: Users; Type: TABLE; Schema: public; Owner: -
--

CREATE TABLE public."Users" (
    "Id" uuid NOT NULL,
    "FirstName" text NOT NULL,
    "LastName" text NOT NULL,
    "MiddleName" text NOT NULL,
    "UserName" text,
    "Email" text,
    "PasswordHash" text,
    "Position" text,
    "ServiceNumber" text,
    "CertificateValidityPeriod" timestamp without time zone,
    "RfidTag" text,
    "ProductionAreaId" uuid
);


--
-- Name: WeldPassages; Type: TABLE; Schema: public; Owner: -
--

CREATE TABLE public."WeldPassages" (
    "Id" uuid NOT NULL,
    "Name" text NOT NULL,
    "WeldingCurrentMin" double precision NOT NULL,
    "WeldingCurrentMax" double precision NOT NULL,
    "ArcVoltageMin" double precision,
    "ArcVoltageMax" double precision,
    "PreheatingTemperatureMin" double precision NOT NULL,
    "PreheatingTemperatureMax" double precision NOT NULL,
    "SeamId" uuid NOT NULL,
    "TechnologicalInstructionId" uuid NOT NULL
);


--
-- Name: Welders; Type: TABLE; Schema: public; Owner: -
--

CREATE TABLE public."Welders" (
    "Id" uuid NOT NULL,
    "UserId" uuid NOT NULL,
    "WorkplaceId" uuid
);


--
-- Name: WeldingEquipmentConditionTimes; Type: TABLE; Schema: public; Owner: -
--

CREATE TABLE public."WeldingEquipmentConditionTimes" (
    "Id" uuid NOT NULL,
    "Condition" integer NOT NULL,
    "DowntimeReason" text,
    "Date" timestamp without time zone NOT NULL,
    "ChangeConditionTime" interval,
    "Time" integer NOT NULL,
    "WeldingEquipmentId" uuid NOT NULL
);


--
-- Name: WeldingEquipments; Type: TABLE; Schema: public; Owner: -
--

CREATE TABLE public."WeldingEquipments" (
    "Id" uuid NOT NULL,
    "RfidTag" text NOT NULL,
    "Name" text NOT NULL,
    "Marking" text NOT NULL,
    "FactoryNumber" text NOT NULL,
    "CommissioningDate" timestamp without time zone NOT NULL,
    "CurrentCondition" integer NOT NULL,
    "Height" integer NOT NULL,
    "Width" integer NOT NULL,
    "Lenght" integer NOT NULL,
    "GroupNumber" integer NOT NULL,
    "ManufacturerName" text NOT NULL,
    "NextAttestationDate" timestamp without time zone NOT NULL,
    "WeldingProcess" text NOT NULL,
    "IdleVoltage" double precision NOT NULL,
    "WeldingCurrentMin" double precision NOT NULL,
    "WeldingCurrentMax" double precision NOT NULL,
    "ArcVoltageMin" double precision NOT NULL,
    "ArcVoltageMax" double precision NOT NULL,
    "PostId" uuid,
    "WelderId" uuid
);


--
-- Name: WeldingTasks; Type: TABLE; Schema: public; Owner: -
--

CREATE TABLE public."WeldingTasks" (
    "Id" uuid NOT NULL,
    "Number" integer NOT NULL,
    "WelderId" uuid NOT NULL,
    "MasterId" uuid NOT NULL,
    "InspectorId" uuid NOT NULL,
    "WeldingDate" timestamp without time zone NOT NULL,
    "WeldingStartTime" timestamp without time zone,
    "WeldingEndTime" timestamp without time zone,
    "AmbientTemperature" integer NOT NULL,
    "AirHumidity" integer NOT NULL,
    "InterlayerTemperature" integer NOT NULL,
    "CurrentLayerNumber" integer NOT NULL,
    "PreheatingTemperature" integer NOT NULL,
    "Status" integer NOT NULL,
    "DefectReasons" text,
    "DefectsDetected" text,
    "WeldingCurrentValues" double precision[],
    "ArcVoltageValues" double precision[],
    "ShortTermDeviation" double precision,
    "LongTermDeviation" double precision,
    "BasicMaterial" text NOT NULL,
    "MainMaterialBatchNumber" text NOT NULL,
    "WeldingMaterial" text NOT NULL,
    "WeldingMaterialBatchNumber" text NOT NULL,
    "ProtectiveGas" text,
    "ProtectiveGasBatchNumber" text,
    "ProductId" uuid,
    "SeamId" uuid
);


--
-- Name: WorkingShifts; Type: TABLE; Schema: public; Owner: -
--

CREATE TABLE public."WorkingShifts" (
    "Id" uuid NOT NULL,
    "Number" integer NOT NULL,
    "ShiftStart" interval NOT NULL,
    "ShiftEnd" interval NOT NULL,
    "BreakStart" interval,
    "BreakEnd" interval,
    "DayId" uuid,
    "CalendarId" uuid
);


--
-- Name: Workplaces; Type: TABLE; Schema: public; Owner: -
--

CREATE TABLE public."Workplaces" (
    "Id" uuid NOT NULL,
    "Number" integer NOT NULL,
    "PostId" uuid,
    "ProductionAreaId" uuid
);


--
-- Name: Workshops; Type: TABLE; Schema: public; Owner: -
--

CREATE TABLE public."Workshops" (
    "Id" uuid NOT NULL,
    "Name" text NOT NULL,
    "Number" integer NOT NULL
);


--
-- Data for Name: Calendars; Type: TABLE DATA; Schema: public; Owner: -
--

COPY public."Calendars" ("Id", "Year", "IsMain", "WelderId", "WeldingEquipmentId") FROM stdin;
\.


--
-- Data for Name: Chiefs; Type: TABLE DATA; Schema: public; Owner: -
--

COPY public."Chiefs" ("Id", "UserId", "WeldingEquipmentId") FROM stdin;
18e35729-92df-4186-9767-02fbfe0a5ba8	11fc1b77-33b1-4002-b491-da01a386fd3d	\N
\.


--
-- Data for Name: Days; Type: TABLE DATA; Schema: public; Owner: -
--

COPY public."Days" ("Id", "MonthNumber", "Number", "IsWorkingDay", "CalendarId") FROM stdin;
\.


--
-- Data for Name: EventLogs; Type: TABLE DATA; Schema: public; Owner: -
--

COPY public."EventLogs" ("Id", "Information", "DateTime", "UserId") FROM stdin;
\.


--
-- Data for Name: Inspectors; Type: TABLE DATA; Schema: public; Owner: -
--

COPY public."Inspectors" ("Id", "UserId") FROM stdin;
f461fe80-62ef-4b25-a30a-4bf83ede87f9	0bacaeeb-564a-42d0-80bc-dfa9db8ed521
\.


--
-- Data for Name: LayerInstructions; Type: TABLE DATA; Schema: public; Owner: -
--

COPY public."LayerInstructions" ("Id", "WeldingCurrentMin", "WeldingCurrentMax", "ArcVoltageMin", "ArcVoltageMax", "PreheatingTemperatureMin", "PreheatingTemperatureMax", "WeldPassageId") FROM stdin;
\.


--
-- Data for Name: Masters; Type: TABLE DATA; Schema: public; Owner: -
--

COPY public."Masters" ("Id", "UserId", "WeldingEquipmentId") FROM stdin;
dba3f8f4-74bb-4f42-a986-5f80387849e7	939528ee-fa63-4b7c-8375-ddad342d7139	5061ce9e-33f7-4372-9149-a768821a67d2
\.


--
-- Data for Name: Posts; Type: TABLE DATA; Schema: public; Owner: -
--

COPY public."Posts" ("Id", "Number", "ProductionAreaId") FROM stdin;
1db08525-adba-4e30-87f5-7fd00aa9777a	1	d44725dd-5dc5-4828-91c2-9840c525e530
b7cf7e9a-b5d1-4f77-92c9-15beeacfa50c	2	08d5e797-b638-4a7c-a6be-19c836606720
ef8e8b8c-4a53-4871-a4e1-d2ba1d0cccef	3	f793cefa-bceb-441c-8d26-76e10f2a240a
\.


--
-- Data for Name: ProductInsides; Type: TABLE DATA; Schema: public; Owner: -
--

COPY public."ProductInsides" ("MainProductId", "InsideProductId") FROM stdin;
99502b1e-5696-4b57-aacf-226e0d61fb2a	13bc2864-43be-41d0-ba4a-5150fac7e134
d45466e8-f9dd-4459-8c1b-7fe2c1f873e9	3fea451e-48a8-466e-afcc-b0f86f03d0d8
d45466e8-f9dd-4459-8c1b-7fe2c1f873e9	963548e2-9106-47b0-ae5e-1260d6a6794e
99502b1e-5696-4b57-aacf-226e0d61fb2a	97016356-7a49-4632-9dd9-642dd7a3e031
\.


--
-- Data for Name: ProductionAreas; Type: TABLE DATA; Schema: public; Owner: -
--

COPY public."ProductionAreas" ("Id", "Name", "Number", "WorkshopId") FROM stdin;
08d5e797-b638-4a7c-a6be-19c836606720	Производственный участок 2	2	783580b7-cbc8-44ed-be86-c74eda07d6d5
d44725dd-5dc5-4828-91c2-9840c525e530	Производственный участок 1	1	783580b7-cbc8-44ed-be86-c74eda07d6d5
f793cefa-bceb-441c-8d26-76e10f2a240a	Производственный участок 3	3	783580b7-cbc8-44ed-be86-c74eda07d6d5
\.


--
-- Data for Name: Products; Type: TABLE DATA; Schema: public; Owner: -
--

COPY public."Products" ("Id", "Name", "Number", "IsControlSubject", "ProductType", "TechnologicalProcessId", "ProductionAreaId", "WorkplaceId") FROM stdin;
13bc2864-43be-41d0-ba4a-5150fac7e134	Деталь 1	1	f	3	\N	08d5e797-b638-4a7c-a6be-19c836606720	688831ba-2bcc-4506-a1e9-03c9b3078014
3fea451e-48a8-466e-afcc-b0f86f03d0d8	Деталь 2	2	t	3	\N	08d5e797-b638-4a7c-a6be-19c836606720	688831ba-2bcc-4506-a1e9-03c9b3078014
963548e2-9106-47b0-ae5e-1260d6a6794e	Узел 2	2	f	2	\N	08d5e797-b638-4a7c-a6be-19c836606720	688831ba-2bcc-4506-a1e9-03c9b3078014
97016356-7a49-4632-9dd9-642dd7a3e031	Узел 1	1	f	2	\N	08d5e797-b638-4a7c-a6be-19c836606720	688831ba-2bcc-4506-a1e9-03c9b3078014
99502b1e-5696-4b57-aacf-226e0d61fb2a	Изделие 1	1	t	1	22114d91-a283-4002-935d-f05e39c4a459	08d5e797-b638-4a7c-a6be-19c836606720	688831ba-2bcc-4506-a1e9-03c9b3078014
d45466e8-f9dd-4459-8c1b-7fe2c1f873e9	Изделие 2	2	f	1	f6244760-af72-419b-99b9-1cd31be69506	08d5e797-b638-4a7c-a6be-19c836606720	688831ba-2bcc-4506-a1e9-03c9b3078014
\.


--
-- Data for Name: Roles; Type: TABLE DATA; Schema: public; Owner: -
--

COPY public."Roles" ("Id", "Name") FROM stdin;
d999b5cc-ac6a-4e33-9fbe-aa224903635a	Admin
738ededf-d57f-4994-81c6-7884ecbaea27	Master
ca184e9d-417d-4c47-bbc5-3f07a1bd6e7c	Executor
616331df-f7f3-4eb0-bb0e-2f763c5200dc	TechUser
2106c01d-d79d-47c3-84ca-3a5b1f3a5dd3	Chief
\.


--
-- Data for Name: Seams; Type: TABLE DATA; Schema: public; Owner: -
--

COPY public."Seams" ("Id", "Number", "IsControlSubject", "ProductId", "ProductionAreaId", "WorkplaceId") FROM stdin;
439f9eaf-8312-49e6-885d-46ce6f7925e5	2	t	d45466e8-f9dd-4459-8c1b-7fe2c1f873e9	08d5e797-b638-4a7c-a6be-19c836606720	688831ba-2bcc-4506-a1e9-03c9b3078014
b20a828a-c006-4974-89a8-ee1edcfeaac5	1	f	99502b1e-5696-4b57-aacf-226e0d61fb2a	08d5e797-b638-4a7c-a6be-19c836606720	688831ba-2bcc-4506-a1e9-03c9b3078014
\.


--
-- Data for Name: TechnologicalInstruction; Type: TABLE DATA; Schema: public; Owner: -
--

COPY public."TechnologicalInstruction" ("Id", "Number", "Name", "SeamId", "TechnologicalProcessId") FROM stdin;
be102d69-e6d2-4442-8adb-7cd169be66c3	2	Инструкция 2	439f9eaf-8312-49e6-885d-46ce6f7925e5	f6244760-af72-419b-99b9-1cd31be69506
e25c049a-ecc9-489a-9962-c0a640a08f66	1	Инструкция 1	b20a828a-c006-4974-89a8-ee1edcfeaac5	22114d91-a283-4002-935d-f05e39c4a459
\.


--
-- Data for Name: TechnologicalProcesses; Type: TABLE DATA; Schema: public; Owner: -
--

COPY public."TechnologicalProcesses" ("Id", "Number", "Name", "PdmSystemFileLink") FROM stdin;
22114d91-a283-4002-935d-f05e39c4a459	1	Технологический процесс 1	Ссылка
f6244760-af72-419b-99b9-1cd31be69506	2	Технологический процесс 2	Ссылка
\.


--
-- Data for Name: UserRoles; Type: TABLE DATA; Schema: public; Owner: -
--

COPY public."UserRoles" ("UserId", "RoleId") FROM stdin;
11fc1b77-33b1-4002-b491-da01a386fd3d	2106c01d-d79d-47c3-84ca-3a5b1f3a5dd3
4defc5e8-b3e8-4882-b83c-56ffadf68939	ca184e9d-417d-4c47-bbc5-3f07a1bd6e7c
a1614dee-a6b7-4efc-b8b9-5325c42497a5	ca184e9d-417d-4c47-bbc5-3f07a1bd6e7c
f601bbd1-037e-49f6-9be1-0ec9cc8f63da	ca184e9d-417d-4c47-bbc5-3f07a1bd6e7c
0bacaeeb-564a-42d0-80bc-dfa9db8ed521	616331df-f7f3-4eb0-bb0e-2f763c5200dc
939528ee-fa63-4b7c-8375-ddad342d7139	738ededf-d57f-4994-81c6-7884ecbaea27
87234678-502a-4a62-a992-6ac4b4e92f0b	d999b5cc-ac6a-4e33-9fbe-aa224903635a
\.


--
-- Data for Name: Users; Type: TABLE DATA; Schema: public; Owner: -
--

COPY public."Users" ("Id", "FirstName", "LastName", "MiddleName", "UserName", "Email", "PasswordHash", "Position", "ServiceNumber", "CertificateValidityPeriod", "RfidTag", "ProductionAreaId") FROM stdin;
11fc1b77-33b1-4002-b491-da01a386fd3d	Имя начальника цеха	Отчество начальника цеха	Фамилия начальника цеха	UserName	Email	PasswordHash	Должность 1	Табельный номер  1	2025-02-02 00:00:00	RFID метка начальника цеха 1	08d5e797-b638-4a7c-a6be-19c836606720
4defc5e8-b3e8-4882-b83c-56ffadf68939	Имя 1	Отчество 1	Фамилия 1	UserName	Email	PasswordHash	Должность 1	Табельный номер  1	2025-02-02 00:00:00	RFID метка сварщика 1	08d5e797-b638-4a7c-a6be-19c836606720
a1614dee-a6b7-4efc-b8b9-5325c42497a5	Имя 3	Отчество 3	Фамилия 3	UserName	Email	PasswordHash	Должность 3	Табельный номер 3	2025-03-03 00:00:00	RFID метка сварщика 3	f793cefa-bceb-441c-8d26-76e10f2a240a
f601bbd1-037e-49f6-9be1-0ec9cc8f63da	Имя 2	Отчество 2	Фамилия 2	UserName	Email	PasswordHash	Должность 2	Табельный номер  2	2025-01-01 00:00:00	RFID метка сварщика 2	d44725dd-5dc5-4828-91c2-9840c525e530
0bacaeeb-564a-42d0-80bc-dfa9db8ed521	Имя Контролера	Имя Контролера	Имя Контролера	UserName	Email	PasswordHash	Должность 1	Табельный номер  1	2025-02-02 00:00:00	RFID метка проверяющего 1	08d5e797-b638-4a7c-a6be-19c836606720
939528ee-fa63-4b7c-8375-ddad342d7139	Имя мастера	Отчество мастера	Фамилия мастера	UserName	Email	PasswordHash	Должность 1	Табельный номер  1	2025-02-02 00:00:00	RFID метка проверяющего 1	08d5e797-b638-4a7c-a6be-19c836606720
87234678-502a-4a62-a992-6ac4b4e92f0b	Admin	Adminovich	Admin	admin1@admin.com	admin@admin.com	$MYHASH$V1$10000$R0WiR0sMvPi2PvtwpvH48MsIlilnYu5jAZCFNCegwG7kNDDF	\N	\N	\N	\N	\N
ee42c959-7e5d-43f3-a374-b391018eb123	string	string	string	\N	\N	\N	\N	\N	\N	string	08d5e797-b638-4a7c-a6be-19c836606720
64c15162-066c-4ea1-924d-37fa1aecf9a3	string	string	string	\N	\N	\N	\N	\N	\N	string new	08d5e797-b638-4a7c-a6be-19c836606720
\.


--
-- Data for Name: WeldPassages; Type: TABLE DATA; Schema: public; Owner: -
--

COPY public."WeldPassages" ("Id", "Name", "WeldingCurrentMin", "WeldingCurrentMax", "ArcVoltageMin", "ArcVoltageMax", "PreheatingTemperatureMin", "PreheatingTemperatureMax", "SeamId", "TechnologicalInstructionId") FROM stdin;
03c311a2-d07e-48d7-bb10-c43c758c3050	Название прохода 1	1	100	5	50	10	60	439f9eaf-8312-49e6-885d-46ce6f7925e5	be102d69-e6d2-4442-8adb-7cd169be66c3
b8128e71-0f6f-4233-81bc-f542e3f15275	Название прохода 1	1	100	5	50	10	60	b20a828a-c006-4974-89a8-ee1edcfeaac5	e25c049a-ecc9-489a-9962-c0a640a08f66
\.


--
-- Data for Name: Welders; Type: TABLE DATA; Schema: public; Owner: -
--

COPY public."Welders" ("Id", "UserId", "WorkplaceId") FROM stdin;
358b4181-19ef-4482-9630-df55c5604aee	4defc5e8-b3e8-4882-b83c-56ffadf68939	\N
94f3d094-cf0f-4b87-aaa8-16441c830ae6	f601bbd1-037e-49f6-9be1-0ec9cc8f63da	7f1ff67e-a117-4a23-b56f-227c0c0568e9
f903b005-4214-4345-8f20-fd62e539c970	a1614dee-a6b7-4efc-b8b9-5325c42497a5	e642b84a-77dd-4164-9757-440271cfc06b
29665277-d426-47ab-88ce-8ab9fd5606f0	ee42c959-7e5d-43f3-a374-b391018eb123	\N
48c25f17-ea73-4575-a938-b4a6d125ddb9	64c15162-066c-4ea1-924d-37fa1aecf9a3	\N
\.


--
-- Data for Name: WeldingEquipmentConditionTimes; Type: TABLE DATA; Schema: public; Owner: -
--

COPY public."WeldingEquipmentConditionTimes" ("Id", "Condition", "DowntimeReason", "Date", "ChangeConditionTime", "Time", "WeldingEquipmentId") FROM stdin;
0e42b57b-b9d3-4bbd-a458-80ecca53e8e5	3	\N	2023-01-17 00:00:00	\N	60	5061ce9e-33f7-4372-9149-a768821a67d2
14e25557-afce-4c6f-8482-43bdc10767db	4	Какая-то причина простоя 2	2023-01-17 00:00:00	19:30:00	10	f1a65412-d11c-4a44-aed8-b37c698c38c5
1ec106e4-17a5-4f8c-b3e7-4c1345393ba8	3	\N	2023-01-17 00:00:00	\N	60	f1a65412-d11c-4a44-aed8-b37c698c38c5
457a9dcd-47ae-4929-a30b-4a09024eb49c	4	Какая-то причина простоя	2023-01-17 00:00:00	09:30:00	30	f1a65412-d11c-4a44-aed8-b37c698c38c5
88349aee-03d8-4e39-96d2-6fde5704c517	3	\N	2023-01-17 00:00:00	\N	30	f1a65412-d11c-4a44-aed8-b37c698c38c5
ece626bd-120a-40ae-90df-0826bbeb5d89	3	\N	2023-01-17 00:00:00	\N	60	cb966843-5266-4cc5-ac0b-da9f4e4a10ce
f2f23ba1-b2ed-4723-a4a2-585801c6a427	4	Какая-то причина простоя 3	2023-01-17 00:00:00	12:50:00	60	cb966843-5266-4cc5-ac0b-da9f4e4a10ce
\.


--
-- Data for Name: WeldingEquipments; Type: TABLE DATA; Schema: public; Owner: -
--

COPY public."WeldingEquipments" ("Id", "RfidTag", "Name", "Marking", "FactoryNumber", "CommissioningDate", "CurrentCondition", "Height", "Width", "Lenght", "GroupNumber", "ManufacturerName", "NextAttestationDate", "WeldingProcess", "IdleVoltage", "WeldingCurrentMin", "WeldingCurrentMax", "ArcVoltageMin", "ArcVoltageMax", "PostId", "WelderId") FROM stdin;
5061ce9e-33f7-4372-9149-a768821a67d2	RFID метка 2	Какое-то оборудование 2	Маркировка 2	22	2021-02-23 00:00:00	1	20	30	40	3	Изготовитель 2	2023-02-05 00:00:00	Способ сварки 2	12.3	5.5	10.9	6.1	7.9	1db08525-adba-4e30-87f5-7fd00aa9777a	94f3d094-cf0f-4b87-aaa8-16441c830ae6
cb966843-5266-4cc5-ac0b-da9f4e4a10ce	RFID метка 3	Какое-то оборудование 3	Маркировка 3	32	2022-02-23 00:00:00	3	20	30	40	3	Изготовитель 3	2024-02-05 00:00:00	Способ сварки 3	12.3	5.5	10.9	6.1	7.9	\N	f903b005-4214-4345-8f20-fd62e539c970
f1a65412-d11c-4a44-aed8-b37c698c38c5	RFID метка 1	Какое-то оборудование 1	Маркировка 1	12	2020-01-23 00:00:00	2	20	30	40	3	Изготовитель 1	2023-02-05 00:00:00	Способ сварки 1	12.3	5.5	10.9	6.1	7.9	1db08525-adba-4e30-87f5-7fd00aa9777a	29665277-d426-47ab-88ce-8ab9fd5606f0
\.


--
-- Data for Name: WeldingTasks; Type: TABLE DATA; Schema: public; Owner: -
--

COPY public."WeldingTasks" ("Id", "Number", "WelderId", "MasterId", "InspectorId", "WeldingDate", "WeldingStartTime", "WeldingEndTime", "AmbientTemperature", "AirHumidity", "InterlayerTemperature", "CurrentLayerNumber", "PreheatingTemperature", "Status", "DefectReasons", "DefectsDetected", "WeldingCurrentValues", "ArcVoltageValues", "ShortTermDeviation", "LongTermDeviation", "BasicMaterial", "MainMaterialBatchNumber", "WeldingMaterial", "WeldingMaterialBatchNumber", "ProtectiveGas", "ProtectiveGasBatchNumber", "ProductId", "SeamId") FROM stdin;
3785291b-1595-4b91-8633-a81f84dfbabf	5	94f3d094-cf0f-4b87-aaa8-16441c830ae6	dba3f8f4-74bb-4f42-a986-5f80387849e7	f461fe80-62ef-4b25-a30a-4bf83ede87f9	2022-01-01 00:00:00	2022-01-03 00:00:00	\N	130	21	23	13	10	4	\N	\N	{1.2,2.3,6.8}	{11.2,2.33,26.8}	\N	\N	Основной материал	№ сертификата	варочные материалы	№ сертификата	\N	\N	d45466e8-f9dd-4459-8c1b-7fe2c1f873e9	\N
7525c24e-0bf1-4757-8e8a-5e8c7e08e27e	4	94f3d094-cf0f-4b87-aaa8-16441c830ae6	dba3f8f4-74bb-4f42-a986-5f80387849e7	f461fe80-62ef-4b25-a30a-4bf83ede87f9	2022-01-01 00:00:00	2022-01-03 00:00:00	\N	320	1	220	12	2	3	\N	\N	{1.2,2.3,6.8}	{11.2,2.33,26.8}	\N	\N	Основной материал	№ сертификата	варочные материалы	№ сертификата	\N	\N	\N	b20a828a-c006-4974-89a8-ee1edcfeaac5
77766a20-78e8-4952-8c2a-74e2f291a5ff	6	94f3d094-cf0f-4b87-aaa8-16441c830ae6	dba3f8f4-74bb-4f42-a986-5f80387849e7	f461fe80-62ef-4b25-a30a-4bf83ede87f9	2022-01-01 00:00:00	2022-01-03 00:00:00	\N	31	2	22	2	11	2	\N	\N	{1.2,2.3,6.8}	{11.2,2.33,26.8}	\N	\N	Основной материал	№ сертификата	варочные материалы	№ сертификата	\N	\N	97016356-7a49-4632-9dd9-642dd7a3e031	\N
c04d2220-6697-4d1b-8aa8-81e5a2926f35	6	94f3d094-cf0f-4b87-aaa8-16441c830ae6	dba3f8f4-74bb-4f42-a986-5f80387849e7	f461fe80-62ef-4b25-a30a-4bf83ede87f9	2022-01-01 00:00:00	2022-01-03 00:00:00	\N	31	2	22	2	11	2	\N	\N	{1.2,2.3,6.8}	{11.2,2.33,26.8}	\N	\N	Основной материал	№ сертификата	варочные материалы	№ сертификата	\N	\N	963548e2-9106-47b0-ae5e-1260d6a6794e	\N
d56120e9-1721-495f-b637-05a8c29dddd6	1	94f3d094-cf0f-4b87-aaa8-16441c830ae6	dba3f8f4-74bb-4f42-a986-5f80387849e7	f461fe80-62ef-4b25-a30a-4bf83ede87f9	2022-01-01 00:00:00	2022-01-03 00:00:00	\N	300	1	200	81	150	2	\N	\N	{1.2,2.3,6.8}	{11.2,2.33,26.8}	\N	\N	Основной материал	№ сертификата	варочные материалы	№ сертификата	\N	\N	\N	439f9eaf-8312-49e6-885d-46ce6f7925e5
de31a6b8-7865-4a52-a185-68c903f7137d	2	94f3d094-cf0f-4b87-aaa8-16441c830ae6	dba3f8f4-74bb-4f42-a986-5f80387849e7	f461fe80-62ef-4b25-a30a-4bf83ede87f9	2022-01-01 00:00:00	2022-01-03 00:00:00	\N	3067	41	203	31	110	1	\N	\N	{1.2,2.3,6.8}	{11.2,2.33,26.8}	\N	\N	Основной материал	№ сертификата	варочные материалы	№ сертификата	\N	\N	99502b1e-5696-4b57-aacf-226e0d61fb2a	\N
e392f75c-aad5-4dff-9b88-7dcab9e98797	6	94f3d094-cf0f-4b87-aaa8-16441c830ae6	dba3f8f4-74bb-4f42-a986-5f80387849e7	f461fe80-62ef-4b25-a30a-4bf83ede87f9	2022-01-01 00:00:00	2022-01-03 00:00:00	\N	31	2	22	2	11	2	\N	\N	{1.2,2.3,6.8}	{11.2,2.33,26.8}	\N	\N	Основной материал	№ сертификата	варочные материалы	№ сертификата	\N	\N	3fea451e-48a8-466e-afcc-b0f86f03d0d8	\N
f0f93634-41f0-4fed-872b-038d47d542d6	3	94f3d094-cf0f-4b87-aaa8-16441c830ae6	dba3f8f4-74bb-4f42-a986-5f80387849e7	f461fe80-62ef-4b25-a30a-4bf83ede87f9	2022-01-01 00:00:00	2022-01-03 00:00:00	\N	390	81	820	81	170	2	\N	\N	{1.2,2.3,6.8}	{11.2,2.33,26.8}	\N	\N	Основной материал	№ сертификата	варочные материалы	№ сертификата	\N	\N	13bc2864-43be-41d0-ba4a-5150fac7e134	\N
\.


--
-- Data for Name: WorkingShifts; Type: TABLE DATA; Schema: public; Owner: -
--

COPY public."WorkingShifts" ("Id", "Number", "ShiftStart", "ShiftEnd", "BreakStart", "BreakEnd", "DayId", "CalendarId") FROM stdin;
\.


--
-- Data for Name: Workplaces; Type: TABLE DATA; Schema: public; Owner: -
--

COPY public."Workplaces" ("Id", "Number", "PostId", "ProductionAreaId") FROM stdin;
688831ba-2bcc-4506-a1e9-03c9b3078014	3	\N	f793cefa-bceb-441c-8d26-76e10f2a240a
7f1ff67e-a117-4a23-b56f-227c0c0568e9	2	\N	08d5e797-b638-4a7c-a6be-19c836606720
e642b84a-77dd-4164-9757-440271cfc06b	1	\N	d44725dd-5dc5-4828-91c2-9840c525e530
\.


--
-- Data for Name: Workshops; Type: TABLE DATA; Schema: public; Owner: -
--

COPY public."Workshops" ("Id", "Name", "Number") FROM stdin;
783580b7-cbc8-44ed-be86-c74eda07d6d5	Цех	1
\.


--
-- Name: Calendars PK_Calendars; Type: CONSTRAINT; Schema: public; Owner: -
--

ALTER TABLE ONLY public."Calendars"
    ADD CONSTRAINT "PK_Calendars" PRIMARY KEY ("Id");


--
-- Name: Chiefs PK_Chiefs; Type: CONSTRAINT; Schema: public; Owner: -
--

ALTER TABLE ONLY public."Chiefs"
    ADD CONSTRAINT "PK_Chiefs" PRIMARY KEY ("Id");


--
-- Name: Days PK_Days; Type: CONSTRAINT; Schema: public; Owner: -
--

ALTER TABLE ONLY public."Days"
    ADD CONSTRAINT "PK_Days" PRIMARY KEY ("Id");


--
-- Name: EventLogs PK_EventLogs; Type: CONSTRAINT; Schema: public; Owner: -
--

ALTER TABLE ONLY public."EventLogs"
    ADD CONSTRAINT "PK_EventLogs" PRIMARY KEY ("Id");


--
-- Name: Inspectors PK_Inspectors; Type: CONSTRAINT; Schema: public; Owner: -
--

ALTER TABLE ONLY public."Inspectors"
    ADD CONSTRAINT "PK_Inspectors" PRIMARY KEY ("Id");


--
-- Name: LayerInstructions PK_LayerInstructions; Type: CONSTRAINT; Schema: public; Owner: -
--

ALTER TABLE ONLY public."LayerInstructions"
    ADD CONSTRAINT "PK_LayerInstructions" PRIMARY KEY ("Id");


--
-- Name: Masters PK_Masters; Type: CONSTRAINT; Schema: public; Owner: -
--

ALTER TABLE ONLY public."Masters"
    ADD CONSTRAINT "PK_Masters" PRIMARY KEY ("Id");


--
-- Name: Posts PK_Posts; Type: CONSTRAINT; Schema: public; Owner: -
--

ALTER TABLE ONLY public."Posts"
    ADD CONSTRAINT "PK_Posts" PRIMARY KEY ("Id");


--
-- Name: ProductInsides PK_ProductInsides; Type: CONSTRAINT; Schema: public; Owner: -
--

ALTER TABLE ONLY public."ProductInsides"
    ADD CONSTRAINT "PK_ProductInsides" PRIMARY KEY ("InsideProductId", "MainProductId");


--
-- Name: ProductionAreas PK_ProductionAreas; Type: CONSTRAINT; Schema: public; Owner: -
--

ALTER TABLE ONLY public."ProductionAreas"
    ADD CONSTRAINT "PK_ProductionAreas" PRIMARY KEY ("Id");


--
-- Name: Products PK_Products; Type: CONSTRAINT; Schema: public; Owner: -
--

ALTER TABLE ONLY public."Products"
    ADD CONSTRAINT "PK_Products" PRIMARY KEY ("Id");


--
-- Name: Roles PK_Roles; Type: CONSTRAINT; Schema: public; Owner: -
--

ALTER TABLE ONLY public."Roles"
    ADD CONSTRAINT "PK_Roles" PRIMARY KEY ("Id");


--
-- Name: Seams PK_Seams; Type: CONSTRAINT; Schema: public; Owner: -
--

ALTER TABLE ONLY public."Seams"
    ADD CONSTRAINT "PK_Seams" PRIMARY KEY ("Id");


--
-- Name: TechnologicalInstruction PK_TechnologicalInstruction; Type: CONSTRAINT; Schema: public; Owner: -
--

ALTER TABLE ONLY public."TechnologicalInstruction"
    ADD CONSTRAINT "PK_TechnologicalInstruction" PRIMARY KEY ("Id");


--
-- Name: TechnologicalProcesses PK_TechnologicalProcesses; Type: CONSTRAINT; Schema: public; Owner: -
--

ALTER TABLE ONLY public."TechnologicalProcesses"
    ADD CONSTRAINT "PK_TechnologicalProcesses" PRIMARY KEY ("Id");


--
-- Name: UserRoles PK_UserRoles; Type: CONSTRAINT; Schema: public; Owner: -
--

ALTER TABLE ONLY public."UserRoles"
    ADD CONSTRAINT "PK_UserRoles" PRIMARY KEY ("RoleId", "UserId");


--
-- Name: Users PK_Users; Type: CONSTRAINT; Schema: public; Owner: -
--

ALTER TABLE ONLY public."Users"
    ADD CONSTRAINT "PK_Users" PRIMARY KEY ("Id");


--
-- Name: WeldPassages PK_WeldPassages; Type: CONSTRAINT; Schema: public; Owner: -
--

ALTER TABLE ONLY public."WeldPassages"
    ADD CONSTRAINT "PK_WeldPassages" PRIMARY KEY ("Id");


--
-- Name: Welders PK_Welders; Type: CONSTRAINT; Schema: public; Owner: -
--

ALTER TABLE ONLY public."Welders"
    ADD CONSTRAINT "PK_Welders" PRIMARY KEY ("Id");


--
-- Name: WeldingEquipmentConditionTimes PK_WeldingEquipmentConditionTimes; Type: CONSTRAINT; Schema: public; Owner: -
--

ALTER TABLE ONLY public."WeldingEquipmentConditionTimes"
    ADD CONSTRAINT "PK_WeldingEquipmentConditionTimes" PRIMARY KEY ("Id");


--
-- Name: WeldingEquipments PK_WeldingEquipments; Type: CONSTRAINT; Schema: public; Owner: -
--

ALTER TABLE ONLY public."WeldingEquipments"
    ADD CONSTRAINT "PK_WeldingEquipments" PRIMARY KEY ("Id");


--
-- Name: WeldingTasks PK_WeldingTasks; Type: CONSTRAINT; Schema: public; Owner: -
--

ALTER TABLE ONLY public."WeldingTasks"
    ADD CONSTRAINT "PK_WeldingTasks" PRIMARY KEY ("Id");


--
-- Name: WorkingShifts PK_WorkingShifts; Type: CONSTRAINT; Schema: public; Owner: -
--

ALTER TABLE ONLY public."WorkingShifts"
    ADD CONSTRAINT "PK_WorkingShifts" PRIMARY KEY ("Id");


--
-- Name: Workplaces PK_Workplaces; Type: CONSTRAINT; Schema: public; Owner: -
--

ALTER TABLE ONLY public."Workplaces"
    ADD CONSTRAINT "PK_Workplaces" PRIMARY KEY ("Id");


--
-- Name: Workshops PK_Workshops; Type: CONSTRAINT; Schema: public; Owner: -
--

ALTER TABLE ONLY public."Workshops"
    ADD CONSTRAINT "PK_Workshops" PRIMARY KEY ("Id");


--
-- Name: IX_Calendars_WelderId; Type: INDEX; Schema: public; Owner: -
--

CREATE INDEX "IX_Calendars_WelderId" ON public."Calendars" USING btree ("WelderId");


--
-- Name: IX_Calendars_WeldingEquipmentId; Type: INDEX; Schema: public; Owner: -
--

CREATE INDEX "IX_Calendars_WeldingEquipmentId" ON public."Calendars" USING btree ("WeldingEquipmentId");


--
-- Name: IX_Chiefs_UserId; Type: INDEX; Schema: public; Owner: -
--

CREATE INDEX "IX_Chiefs_UserId" ON public."Chiefs" USING btree ("UserId");


--
-- Name: IX_Chiefs_WeldingEquipmentId; Type: INDEX; Schema: public; Owner: -
--

CREATE UNIQUE INDEX "IX_Chiefs_WeldingEquipmentId" ON public."Chiefs" USING btree ("WeldingEquipmentId");


--
-- Name: IX_Days_CalendarId; Type: INDEX; Schema: public; Owner: -
--

CREATE INDEX "IX_Days_CalendarId" ON public."Days" USING btree ("CalendarId");


--
-- Name: IX_EventLogs_UserId; Type: INDEX; Schema: public; Owner: -
--

CREATE INDEX "IX_EventLogs_UserId" ON public."EventLogs" USING btree ("UserId");


--
-- Name: IX_Inspectors_UserId; Type: INDEX; Schema: public; Owner: -
--

CREATE INDEX "IX_Inspectors_UserId" ON public."Inspectors" USING btree ("UserId");


--
-- Name: IX_LayerInstructions_WeldPassageId; Type: INDEX; Schema: public; Owner: -
--

CREATE INDEX "IX_LayerInstructions_WeldPassageId" ON public."LayerInstructions" USING btree ("WeldPassageId");


--
-- Name: IX_Masters_UserId; Type: INDEX; Schema: public; Owner: -
--

CREATE INDEX "IX_Masters_UserId" ON public."Masters" USING btree ("UserId");


--
-- Name: IX_Masters_WeldingEquipmentId; Type: INDEX; Schema: public; Owner: -
--

CREATE UNIQUE INDEX "IX_Masters_WeldingEquipmentId" ON public."Masters" USING btree ("WeldingEquipmentId");


--
-- Name: IX_Posts_ProductionAreaId; Type: INDEX; Schema: public; Owner: -
--

CREATE INDEX "IX_Posts_ProductionAreaId" ON public."Posts" USING btree ("ProductionAreaId");


--
-- Name: IX_ProductInsides_MainProductId; Type: INDEX; Schema: public; Owner: -
--

CREATE INDEX "IX_ProductInsides_MainProductId" ON public."ProductInsides" USING btree ("MainProductId");


--
-- Name: IX_ProductionAreas_WorkshopId; Type: INDEX; Schema: public; Owner: -
--

CREATE INDEX "IX_ProductionAreas_WorkshopId" ON public."ProductionAreas" USING btree ("WorkshopId");


--
-- Name: IX_Products_ProductionAreaId; Type: INDEX; Schema: public; Owner: -
--

CREATE INDEX "IX_Products_ProductionAreaId" ON public."Products" USING btree ("ProductionAreaId");


--
-- Name: IX_Products_TechnologicalProcessId; Type: INDEX; Schema: public; Owner: -
--

CREATE INDEX "IX_Products_TechnologicalProcessId" ON public."Products" USING btree ("TechnologicalProcessId");


--
-- Name: IX_Products_WorkplaceId; Type: INDEX; Schema: public; Owner: -
--

CREATE INDEX "IX_Products_WorkplaceId" ON public."Products" USING btree ("WorkplaceId");


--
-- Name: IX_Seams_ProductId; Type: INDEX; Schema: public; Owner: -
--

CREATE INDEX "IX_Seams_ProductId" ON public."Seams" USING btree ("ProductId");


--
-- Name: IX_Seams_ProductionAreaId; Type: INDEX; Schema: public; Owner: -
--

CREATE INDEX "IX_Seams_ProductionAreaId" ON public."Seams" USING btree ("ProductionAreaId");


--
-- Name: IX_Seams_WorkplaceId; Type: INDEX; Schema: public; Owner: -
--

CREATE INDEX "IX_Seams_WorkplaceId" ON public."Seams" USING btree ("WorkplaceId");


--
-- Name: IX_TechnologicalInstruction_SeamId; Type: INDEX; Schema: public; Owner: -
--

CREATE UNIQUE INDEX "IX_TechnologicalInstruction_SeamId" ON public."TechnologicalInstruction" USING btree ("SeamId");


--
-- Name: IX_TechnologicalInstruction_TechnologicalProcessId; Type: INDEX; Schema: public; Owner: -
--

CREATE INDEX "IX_TechnologicalInstruction_TechnologicalProcessId" ON public."TechnologicalInstruction" USING btree ("TechnologicalProcessId");


--
-- Name: IX_UserRoles_UserId; Type: INDEX; Schema: public; Owner: -
--

CREATE INDEX "IX_UserRoles_UserId" ON public."UserRoles" USING btree ("UserId");


--
-- Name: IX_Users_ProductionAreaId; Type: INDEX; Schema: public; Owner: -
--

CREATE INDEX "IX_Users_ProductionAreaId" ON public."Users" USING btree ("ProductionAreaId");


--
-- Name: IX_WeldPassages_SeamId; Type: INDEX; Schema: public; Owner: -
--

CREATE INDEX "IX_WeldPassages_SeamId" ON public."WeldPassages" USING btree ("SeamId");


--
-- Name: IX_WeldPassages_TechnologicalInstructionId; Type: INDEX; Schema: public; Owner: -
--

CREATE INDEX "IX_WeldPassages_TechnologicalInstructionId" ON public."WeldPassages" USING btree ("TechnologicalInstructionId");


--
-- Name: IX_Welders_UserId; Type: INDEX; Schema: public; Owner: -
--

CREATE INDEX "IX_Welders_UserId" ON public."Welders" USING btree ("UserId");


--
-- Name: IX_Welders_WorkplaceId; Type: INDEX; Schema: public; Owner: -
--

CREATE INDEX "IX_Welders_WorkplaceId" ON public."Welders" USING btree ("WorkplaceId");


--
-- Name: IX_WeldingEquipmentConditionTimes_WeldingEquipmentId; Type: INDEX; Schema: public; Owner: -
--

CREATE INDEX "IX_WeldingEquipmentConditionTimes_WeldingEquipmentId" ON public."WeldingEquipmentConditionTimes" USING btree ("WeldingEquipmentId");


--
-- Name: IX_WeldingEquipments_PostId; Type: INDEX; Schema: public; Owner: -
--

CREATE INDEX "IX_WeldingEquipments_PostId" ON public."WeldingEquipments" USING btree ("PostId");


--
-- Name: IX_WeldingEquipments_WelderId; Type: INDEX; Schema: public; Owner: -
--

CREATE INDEX "IX_WeldingEquipments_WelderId" ON public."WeldingEquipments" USING btree ("WelderId");


--
-- Name: IX_WeldingTasks_InspectorId; Type: INDEX; Schema: public; Owner: -
--

CREATE INDEX "IX_WeldingTasks_InspectorId" ON public."WeldingTasks" USING btree ("InspectorId");


--
-- Name: IX_WeldingTasks_MasterId; Type: INDEX; Schema: public; Owner: -
--

CREATE INDEX "IX_WeldingTasks_MasterId" ON public."WeldingTasks" USING btree ("MasterId");


--
-- Name: IX_WeldingTasks_ProductId; Type: INDEX; Schema: public; Owner: -
--

CREATE UNIQUE INDEX "IX_WeldingTasks_ProductId" ON public."WeldingTasks" USING btree ("ProductId");


--
-- Name: IX_WeldingTasks_SeamId; Type: INDEX; Schema: public; Owner: -
--

CREATE UNIQUE INDEX "IX_WeldingTasks_SeamId" ON public."WeldingTasks" USING btree ("SeamId");


--
-- Name: IX_WeldingTasks_WelderId; Type: INDEX; Schema: public; Owner: -
--

CREATE INDEX "IX_WeldingTasks_WelderId" ON public."WeldingTasks" USING btree ("WelderId");


--
-- Name: IX_WorkingShifts_CalendarId; Type: INDEX; Schema: public; Owner: -
--

CREATE INDEX "IX_WorkingShifts_CalendarId" ON public."WorkingShifts" USING btree ("CalendarId");


--
-- Name: IX_WorkingShifts_DayId; Type: INDEX; Schema: public; Owner: -
--

CREATE INDEX "IX_WorkingShifts_DayId" ON public."WorkingShifts" USING btree ("DayId");


--
-- Name: IX_Workplaces_PostId; Type: INDEX; Schema: public; Owner: -
--

CREATE INDEX "IX_Workplaces_PostId" ON public."Workplaces" USING btree ("PostId");


--
-- Name: IX_Workplaces_ProductionAreaId; Type: INDEX; Schema: public; Owner: -
--

CREATE INDEX "IX_Workplaces_ProductionAreaId" ON public."Workplaces" USING btree ("ProductionAreaId");


--
-- Name: Calendars FK_Calendars_Welders_WelderId; Type: FK CONSTRAINT; Schema: public; Owner: -
--

ALTER TABLE ONLY public."Calendars"
    ADD CONSTRAINT "FK_Calendars_Welders_WelderId" FOREIGN KEY ("WelderId") REFERENCES public."Welders"("Id");


--
-- Name: Calendars FK_Calendars_WeldingEquipments_WeldingEquipmentId; Type: FK CONSTRAINT; Schema: public; Owner: -
--

ALTER TABLE ONLY public."Calendars"
    ADD CONSTRAINT "FK_Calendars_WeldingEquipments_WeldingEquipmentId" FOREIGN KEY ("WeldingEquipmentId") REFERENCES public."WeldingEquipments"("Id");


--
-- Name: Chiefs FK_Chiefs_Users_UserId; Type: FK CONSTRAINT; Schema: public; Owner: -
--

ALTER TABLE ONLY public."Chiefs"
    ADD CONSTRAINT "FK_Chiefs_Users_UserId" FOREIGN KEY ("UserId") REFERENCES public."Users"("Id") ON DELETE CASCADE;


--
-- Name: Chiefs FK_Chiefs_WeldingEquipments_WeldingEquipmentId; Type: FK CONSTRAINT; Schema: public; Owner: -
--

ALTER TABLE ONLY public."Chiefs"
    ADD CONSTRAINT "FK_Chiefs_WeldingEquipments_WeldingEquipmentId" FOREIGN KEY ("WeldingEquipmentId") REFERENCES public."WeldingEquipments"("Id");


--
-- Name: Days FK_Days_Calendars_CalendarId; Type: FK CONSTRAINT; Schema: public; Owner: -
--

ALTER TABLE ONLY public."Days"
    ADD CONSTRAINT "FK_Days_Calendars_CalendarId" FOREIGN KEY ("CalendarId") REFERENCES public."Calendars"("Id") ON DELETE CASCADE;


--
-- Name: EventLogs FK_EventLogs_Users_UserId; Type: FK CONSTRAINT; Schema: public; Owner: -
--

ALTER TABLE ONLY public."EventLogs"
    ADD CONSTRAINT "FK_EventLogs_Users_UserId" FOREIGN KEY ("UserId") REFERENCES public."Users"("Id");


--
-- Name: Inspectors FK_Inspectors_Users_UserId; Type: FK CONSTRAINT; Schema: public; Owner: -
--

ALTER TABLE ONLY public."Inspectors"
    ADD CONSTRAINT "FK_Inspectors_Users_UserId" FOREIGN KEY ("UserId") REFERENCES public."Users"("Id") ON DELETE CASCADE;


--
-- Name: LayerInstructions FK_LayerInstructions_WeldPassages_WeldPassageId; Type: FK CONSTRAINT; Schema: public; Owner: -
--

ALTER TABLE ONLY public."LayerInstructions"
    ADD CONSTRAINT "FK_LayerInstructions_WeldPassages_WeldPassageId" FOREIGN KEY ("WeldPassageId") REFERENCES public."WeldPassages"("Id");


--
-- Name: Masters FK_Masters_Users_UserId; Type: FK CONSTRAINT; Schema: public; Owner: -
--

ALTER TABLE ONLY public."Masters"
    ADD CONSTRAINT "FK_Masters_Users_UserId" FOREIGN KEY ("UserId") REFERENCES public."Users"("Id") ON DELETE CASCADE;


--
-- Name: Masters FK_Masters_WeldingEquipments_WeldingEquipmentId; Type: FK CONSTRAINT; Schema: public; Owner: -
--

ALTER TABLE ONLY public."Masters"
    ADD CONSTRAINT "FK_Masters_WeldingEquipments_WeldingEquipmentId" FOREIGN KEY ("WeldingEquipmentId") REFERENCES public."WeldingEquipments"("Id");


--
-- Name: Posts FK_Posts_ProductionAreas_ProductionAreaId; Type: FK CONSTRAINT; Schema: public; Owner: -
--

ALTER TABLE ONLY public."Posts"
    ADD CONSTRAINT "FK_Posts_ProductionAreas_ProductionAreaId" FOREIGN KEY ("ProductionAreaId") REFERENCES public."ProductionAreas"("Id") ON DELETE CASCADE;


--
-- Name: ProductInsides FK_ProductInsides_Products_InsideProductId; Type: FK CONSTRAINT; Schema: public; Owner: -
--

ALTER TABLE ONLY public."ProductInsides"
    ADD CONSTRAINT "FK_ProductInsides_Products_InsideProductId" FOREIGN KEY ("InsideProductId") REFERENCES public."Products"("Id") ON DELETE RESTRICT;


--
-- Name: ProductInsides FK_ProductInsides_Products_MainProductId; Type: FK CONSTRAINT; Schema: public; Owner: -
--

ALTER TABLE ONLY public."ProductInsides"
    ADD CONSTRAINT "FK_ProductInsides_Products_MainProductId" FOREIGN KEY ("MainProductId") REFERENCES public."Products"("Id") ON DELETE CASCADE;


--
-- Name: ProductionAreas FK_ProductionAreas_Workshops_WorkshopId; Type: FK CONSTRAINT; Schema: public; Owner: -
--

ALTER TABLE ONLY public."ProductionAreas"
    ADD CONSTRAINT "FK_ProductionAreas_Workshops_WorkshopId" FOREIGN KEY ("WorkshopId") REFERENCES public."Workshops"("Id") ON DELETE CASCADE;


--
-- Name: Products FK_Products_ProductionAreas_ProductionAreaId; Type: FK CONSTRAINT; Schema: public; Owner: -
--

ALTER TABLE ONLY public."Products"
    ADD CONSTRAINT "FK_Products_ProductionAreas_ProductionAreaId" FOREIGN KEY ("ProductionAreaId") REFERENCES public."ProductionAreas"("Id");


--
-- Name: Products FK_Products_TechnologicalProcesses_TechnologicalProcessId; Type: FK CONSTRAINT; Schema: public; Owner: -
--

ALTER TABLE ONLY public."Products"
    ADD CONSTRAINT "FK_Products_TechnologicalProcesses_TechnologicalProcessId" FOREIGN KEY ("TechnologicalProcessId") REFERENCES public."TechnologicalProcesses"("Id");


--
-- Name: Products FK_Products_Workplaces_WorkplaceId; Type: FK CONSTRAINT; Schema: public; Owner: -
--

ALTER TABLE ONLY public."Products"
    ADD CONSTRAINT "FK_Products_Workplaces_WorkplaceId" FOREIGN KEY ("WorkplaceId") REFERENCES public."Workplaces"("Id");


--
-- Name: Seams FK_Seams_ProductionAreas_ProductionAreaId; Type: FK CONSTRAINT; Schema: public; Owner: -
--

ALTER TABLE ONLY public."Seams"
    ADD CONSTRAINT "FK_Seams_ProductionAreas_ProductionAreaId" FOREIGN KEY ("ProductionAreaId") REFERENCES public."ProductionAreas"("Id");


--
-- Name: Seams FK_Seams_Products_ProductId; Type: FK CONSTRAINT; Schema: public; Owner: -
--

ALTER TABLE ONLY public."Seams"
    ADD CONSTRAINT "FK_Seams_Products_ProductId" FOREIGN KEY ("ProductId") REFERENCES public."Products"("Id");


--
-- Name: Seams FK_Seams_Workplaces_WorkplaceId; Type: FK CONSTRAINT; Schema: public; Owner: -
--

ALTER TABLE ONLY public."Seams"
    ADD CONSTRAINT "FK_Seams_Workplaces_WorkplaceId" FOREIGN KEY ("WorkplaceId") REFERENCES public."Workplaces"("Id");


--
-- Name: TechnologicalInstruction FK_TechnologicalInstruction_Seams_SeamId; Type: FK CONSTRAINT; Schema: public; Owner: -
--

ALTER TABLE ONLY public."TechnologicalInstruction"
    ADD CONSTRAINT "FK_TechnologicalInstruction_Seams_SeamId" FOREIGN KEY ("SeamId") REFERENCES public."Seams"("Id") ON DELETE CASCADE;


--
-- Name: TechnologicalInstruction FK_TechnologicalInstruction_TechnologicalProcesses_Technologic~; Type: FK CONSTRAINT; Schema: public; Owner: -
--

ALTER TABLE ONLY public."TechnologicalInstruction"
    ADD CONSTRAINT "FK_TechnologicalInstruction_TechnologicalProcesses_Technologic~" FOREIGN KEY ("TechnologicalProcessId") REFERENCES public."TechnologicalProcesses"("Id");


--
-- Name: UserRoles FK_UserRoles_Roles_RoleId; Type: FK CONSTRAINT; Schema: public; Owner: -
--

ALTER TABLE ONLY public."UserRoles"
    ADD CONSTRAINT "FK_UserRoles_Roles_RoleId" FOREIGN KEY ("RoleId") REFERENCES public."Roles"("Id") ON DELETE CASCADE;


--
-- Name: UserRoles FK_UserRoles_Users_UserId; Type: FK CONSTRAINT; Schema: public; Owner: -
--

ALTER TABLE ONLY public."UserRoles"
    ADD CONSTRAINT "FK_UserRoles_Users_UserId" FOREIGN KEY ("UserId") REFERENCES public."Users"("Id") ON DELETE CASCADE;


--
-- Name: Users FK_Users_ProductionAreas_ProductionAreaId; Type: FK CONSTRAINT; Schema: public; Owner: -
--

ALTER TABLE ONLY public."Users"
    ADD CONSTRAINT "FK_Users_ProductionAreas_ProductionAreaId" FOREIGN KEY ("ProductionAreaId") REFERENCES public."ProductionAreas"("Id");


--
-- Name: WeldPassages FK_WeldPassages_Seams_SeamId; Type: FK CONSTRAINT; Schema: public; Owner: -
--

ALTER TABLE ONLY public."WeldPassages"
    ADD CONSTRAINT "FK_WeldPassages_Seams_SeamId" FOREIGN KEY ("SeamId") REFERENCES public."Seams"("Id") ON DELETE CASCADE;


--
-- Name: WeldPassages FK_WeldPassages_TechnologicalInstruction_TechnologicalInstruct~; Type: FK CONSTRAINT; Schema: public; Owner: -
--

ALTER TABLE ONLY public."WeldPassages"
    ADD CONSTRAINT "FK_WeldPassages_TechnologicalInstruction_TechnologicalInstruct~" FOREIGN KEY ("TechnologicalInstructionId") REFERENCES public."TechnologicalInstruction"("Id") ON DELETE CASCADE;


--
-- Name: Welders FK_Welders_Users_UserId; Type: FK CONSTRAINT; Schema: public; Owner: -
--

ALTER TABLE ONLY public."Welders"
    ADD CONSTRAINT "FK_Welders_Users_UserId" FOREIGN KEY ("UserId") REFERENCES public."Users"("Id") ON DELETE CASCADE;


--
-- Name: Welders FK_Welders_Workplaces_WorkplaceId; Type: FK CONSTRAINT; Schema: public; Owner: -
--

ALTER TABLE ONLY public."Welders"
    ADD CONSTRAINT "FK_Welders_Workplaces_WorkplaceId" FOREIGN KEY ("WorkplaceId") REFERENCES public."Workplaces"("Id");


--
-- Name: WeldingEquipmentConditionTimes FK_WeldingEquipmentConditionTimes_WeldingEquipments_WeldingEqu~; Type: FK CONSTRAINT; Schema: public; Owner: -
--

ALTER TABLE ONLY public."WeldingEquipmentConditionTimes"
    ADD CONSTRAINT "FK_WeldingEquipmentConditionTimes_WeldingEquipments_WeldingEqu~" FOREIGN KEY ("WeldingEquipmentId") REFERENCES public."WeldingEquipments"("Id") ON DELETE CASCADE;


--
-- Name: WeldingEquipments FK_WeldingEquipments_Posts_PostId; Type: FK CONSTRAINT; Schema: public; Owner: -
--

ALTER TABLE ONLY public."WeldingEquipments"
    ADD CONSTRAINT "FK_WeldingEquipments_Posts_PostId" FOREIGN KEY ("PostId") REFERENCES public."Posts"("Id");


--
-- Name: WeldingEquipments FK_WeldingEquipments_Welders_WelderId; Type: FK CONSTRAINT; Schema: public; Owner: -
--

ALTER TABLE ONLY public."WeldingEquipments"
    ADD CONSTRAINT "FK_WeldingEquipments_Welders_WelderId" FOREIGN KEY ("WelderId") REFERENCES public."Welders"("Id");


--
-- Name: WeldingTasks FK_WeldingTasks_Inspectors_InspectorId; Type: FK CONSTRAINT; Schema: public; Owner: -
--

ALTER TABLE ONLY public."WeldingTasks"
    ADD CONSTRAINT "FK_WeldingTasks_Inspectors_InspectorId" FOREIGN KEY ("InspectorId") REFERENCES public."Inspectors"("Id") ON DELETE CASCADE;


--
-- Name: WeldingTasks FK_WeldingTasks_Masters_MasterId; Type: FK CONSTRAINT; Schema: public; Owner: -
--

ALTER TABLE ONLY public."WeldingTasks"
    ADD CONSTRAINT "FK_WeldingTasks_Masters_MasterId" FOREIGN KEY ("MasterId") REFERENCES public."Masters"("Id") ON DELETE CASCADE;


--
-- Name: WeldingTasks FK_WeldingTasks_Products_ProductId; Type: FK CONSTRAINT; Schema: public; Owner: -
--

ALTER TABLE ONLY public."WeldingTasks"
    ADD CONSTRAINT "FK_WeldingTasks_Products_ProductId" FOREIGN KEY ("ProductId") REFERENCES public."Products"("Id");


--
-- Name: WeldingTasks FK_WeldingTasks_Seams_SeamId; Type: FK CONSTRAINT; Schema: public; Owner: -
--

ALTER TABLE ONLY public."WeldingTasks"
    ADD CONSTRAINT "FK_WeldingTasks_Seams_SeamId" FOREIGN KEY ("SeamId") REFERENCES public."Seams"("Id");


--
-- Name: WeldingTasks FK_WeldingTasks_Welders_WelderId; Type: FK CONSTRAINT; Schema: public; Owner: -
--

ALTER TABLE ONLY public."WeldingTasks"
    ADD CONSTRAINT "FK_WeldingTasks_Welders_WelderId" FOREIGN KEY ("WelderId") REFERENCES public."Welders"("Id") ON DELETE CASCADE;


--
-- Name: WorkingShifts FK_WorkingShifts_Calendars_CalendarId; Type: FK CONSTRAINT; Schema: public; Owner: -
--

ALTER TABLE ONLY public."WorkingShifts"
    ADD CONSTRAINT "FK_WorkingShifts_Calendars_CalendarId" FOREIGN KEY ("CalendarId") REFERENCES public."Calendars"("Id");


--
-- Name: WorkingShifts FK_WorkingShifts_Days_DayId; Type: FK CONSTRAINT; Schema: public; Owner: -
--

ALTER TABLE ONLY public."WorkingShifts"
    ADD CONSTRAINT "FK_WorkingShifts_Days_DayId" FOREIGN KEY ("DayId") REFERENCES public."Days"("Id");


--
-- Name: Workplaces FK_Workplaces_Posts_PostId; Type: FK CONSTRAINT; Schema: public; Owner: -
--

ALTER TABLE ONLY public."Workplaces"
    ADD CONSTRAINT "FK_Workplaces_Posts_PostId" FOREIGN KEY ("PostId") REFERENCES public."Posts"("Id");


--
-- Name: Workplaces FK_Workplaces_ProductionAreas_ProductionAreaId; Type: FK CONSTRAINT; Schema: public; Owner: -
--

ALTER TABLE ONLY public."Workplaces"
    ADD CONSTRAINT "FK_Workplaces_ProductionAreas_ProductionAreaId" FOREIGN KEY ("ProductionAreaId") REFERENCES public."ProductionAreas"("Id");


--
-- PostgreSQL database dump complete
--

