--
-- PostgreSQL database dump
--

-- Dumped from database version 14.5
-- Dumped by pg_dump version 14.5

SET statement_timeout = 0;
SET lock_timeout = 0;
SET idle_in_transaction_session_timeout = 0;
SET client_encoding = 'UTF8';
SET standard_conforming_strings = on;
SELECT pg_catalog.set_config('search_path', '', false);
SET check_function_bodies = false;
SET xmloption = content;
SET client_min_messages = warning;
SET row_security = off;

SET default_tablespace = '';

SET default_table_access_method = heap;

--
-- Name: Calendars; Type: TABLE; Schema: public; Owner: -
--

CREATE TABLE public."Calendars" (
    "Id" uuid NOT NULL,
    "Year" integer NOT NULL,
    "IsMain" boolean NOT NULL,
    "WelderId" uuid,
    "WeldingEquipmentId" uuid
);


--
-- Name: Chiefs; Type: TABLE; Schema: public; Owner: -
--

CREATE TABLE public."Chiefs" (
    "Id" uuid NOT NULL,
    "UserId" uuid NOT NULL,
    "WeldingEquipmentId" uuid
);


--
-- Name: Days; Type: TABLE; Schema: public; Owner: -
--

CREATE TABLE public."Days" (
    "Id" uuid NOT NULL,
    "MonthNumber" integer NOT NULL,
    "Number" integer NOT NULL,
    "IsWorkingDay" boolean NOT NULL,
    "CalendarId" uuid NOT NULL
);


--
-- Name: DowntimeReasons; Type: TABLE; Schema: public; Owner: -
--

CREATE TABLE public."DowntimeReasons" (
    "Id" uuid NOT NULL,
    "Reason" text NOT NULL
);


--
-- Name: EventLogs; Type: TABLE; Schema: public; Owner: -
--

CREATE TABLE public."EventLogs" (
    "Id" uuid NOT NULL,
    "Information" character varying(200) NOT NULL,
    "DateTime" timestamp without time zone NOT NULL,
    "UserId" uuid
);


--
-- Name: Inspectors; Type: TABLE; Schema: public; Owner: -
--

CREATE TABLE public."Inspectors" (
    "Id" uuid NOT NULL,
    "UserId" uuid NOT NULL
);


--
-- Name: LayerInstructions; Type: TABLE; Schema: public; Owner: -
--

CREATE TABLE public."LayerInstructions" (
    "Id" uuid NOT NULL,
    "WeldingCurrentMin" double precision NOT NULL,
    "WeldingCurrentMax" double precision NOT NULL,
    "ArcVoltageMin" double precision,
    "ArcVoltageMax" double precision,
    "PreheatingTemperatureMin" double precision NOT NULL,
    "PreheatingTemperatureMax" double precision NOT NULL,
    "WeldPassageId" uuid
);


--
-- Name: Masters; Type: TABLE; Schema: public; Owner: -
--

CREATE TABLE public."Masters" (
    "Id" uuid NOT NULL,
    "UserId" uuid NOT NULL,
    "WeldingEquipmentId" uuid
);


--
-- Name: Posts; Type: TABLE; Schema: public; Owner: -
--

CREATE TABLE public."Posts" (
    "Id" uuid NOT NULL,
    "Number" integer NOT NULL,
    "Name" text NOT NULL,
    "ProductionAreaId" uuid NOT NULL
);


--
-- Name: ProductInsides; Type: TABLE; Schema: public; Owner: -
--

CREATE TABLE public."ProductInsides" (
    "MainProductId" uuid NOT NULL,
    "InsideProductId" uuid NOT NULL
);


--
-- Name: ProductionAreas; Type: TABLE; Schema: public; Owner: -
--

CREATE TABLE public."ProductionAreas" (
    "Id" uuid NOT NULL,
    "Name" text NOT NULL,
    "Number" integer NOT NULL,
    "WorkshopId" uuid NOT NULL
);


--
-- Name: Products; Type: TABLE; Schema: public; Owner: -
--

CREATE TABLE public."Products" (
    "Id" uuid NOT NULL,
    "Name" text,
    "Number" integer NOT NULL,
    "Status" integer NOT NULL,
    "IsControlSubject" boolean NOT NULL,
    "ProductType" integer NOT NULL,
    "WeldingTaskId" uuid,
    "TechnologicalProcessId" uuid,
    "ProductionAreaId" uuid,
    "WorkplaceId" uuid,
    "MasterId" uuid,
    "InspectorId" uuid
);


--
-- Name: Roles; Type: TABLE; Schema: public; Owner: -
--

CREATE TABLE public."Roles" (
    "Id" uuid NOT NULL,
    "Name" text NOT NULL
);


--
-- Name: Seams; Type: TABLE; Schema: public; Owner: -
--

CREATE TABLE public."Seams" (
    "Id" uuid NOT NULL,
    "Number" integer NOT NULL,
    "IsControlSubject" boolean NOT NULL,
    "Status" integer NOT NULL,
    "ProductId" uuid,
    "ProductionAreaId" uuid,
    "WorkplaceId" uuid,
    "WelderId" uuid,
    "InspectorId" uuid
);


--
-- Name: StatusReasons; Type: TABLE; Schema: public; Owner: -
--

CREATE TABLE public."StatusReasons" (
    "Id" uuid NOT NULL,
    "Date" timestamp without time zone NOT NULL,
    "Status" integer NOT NULL,
    "Reason" text NOT NULL,
    "ProductId" uuid,
    "SeamId" uuid
);


--
-- Name: TechnologicalInstruction; Type: TABLE; Schema: public; Owner: -
--

CREATE TABLE public."TechnologicalInstruction" (
    "Id" uuid NOT NULL,
    "Number" integer NOT NULL,
    "Name" text NOT NULL,
    "SeamId" uuid NOT NULL,
    "TechnologicalProcessId" uuid
);


--
-- Name: TechnologicalProcesses; Type: TABLE; Schema: public; Owner: -
--

CREATE TABLE public."TechnologicalProcesses" (
    "Id" uuid NOT NULL,
    "Number" integer NOT NULL,
    "Name" text NOT NULL,
    "PdmSystemFileLink" text NOT NULL
);


--
-- Name: UserRoles; Type: TABLE; Schema: public; Owner: -
--

CREATE TABLE public."UserRoles" (
    "UserId" uuid NOT NULL,
    "RoleId" uuid NOT NULL
);


--
-- Name: Users; Type: TABLE; Schema: public; Owner: -
--

CREATE TABLE public."Users" (
    "Id" uuid NOT NULL,
    "FirstName" text NOT NULL,
    "LastName" text NOT NULL,
    "MiddleName" text NOT NULL,
    "UserName" text,
    "Email" text,
    "PasswordHash" text,
    "Position" text,
    "ServiceNumber" text,
    "CertificateValidityPeriod" timestamp without time zone,
    "RfidTag" text,
    "ProductionAreaId" uuid
);


--
-- Name: WeldPassages; Type: TABLE; Schema: public; Owner: -
--

CREATE TABLE public."WeldPassages" (
    "Id" uuid NOT NULL,
    "Number" integer NOT NULL,
    "Name" text NOT NULL,
    "WeldingCurrentMin" double precision NOT NULL,
    "WeldingCurrentMax" double precision NOT NULL,
    "ArcVoltageMin" double precision,
    "ArcVoltageMax" double precision,
    "PreheatingTemperatureMin" double precision NOT NULL,
    "PreheatingTemperatureMax" double precision NOT NULL,
    "SeamId" uuid NOT NULL,
    "TechnologicalInstructionId" uuid NOT NULL
);


--
-- Name: Welders; Type: TABLE; Schema: public; Owner: -
--

CREATE TABLE public."Welders" (
    "Id" uuid NOT NULL,
    "UserId" uuid NOT NULL,
    "WorkplaceId" uuid
);


--
-- Name: WeldingEquipmentConditionTimes; Type: TABLE; Schema: public; Owner: -
--

CREATE TABLE public."WeldingEquipmentConditionTimes" (
    "Id" uuid NOT NULL,
    "Condition" integer NOT NULL,
    "Date" timestamp without time zone NOT NULL,
    "StartConditionTime" interval NOT NULL,
    "Time" integer NOT NULL,
    "WeldingEquipmentId" uuid NOT NULL,
    "DowntimeReasonId" uuid
);


--
-- Name: WeldingEquipments; Type: TABLE; Schema: public; Owner: -
--

CREATE TABLE public."WeldingEquipments" (
    "Id" uuid NOT NULL,
    "RfidTag" text NOT NULL,
    "Name" text NOT NULL,
    "Marking" text NOT NULL,
    "FactoryNumber" text NOT NULL,
    "CommissioningDate" timestamp without time zone NOT NULL,
    "CurrentCondition" integer NOT NULL,
    "Height" integer NOT NULL,
    "Width" integer NOT NULL,
    "Lenght" integer NOT NULL,
    "GroupNumber" integer NOT NULL,
    "ManufacturerName" text NOT NULL,
    "NextAttestationDate" timestamp without time zone NOT NULL,
    "WeldingProcess" text NOT NULL,
    "IdleVoltage" double precision NOT NULL,
    "WeldingCurrentMin" double precision NOT NULL,
    "WeldingCurrentMax" double precision NOT NULL,
    "ArcVoltageMin" double precision NOT NULL,
    "ArcVoltageMax" double precision NOT NULL,
    "PostId" uuid,
    "WelderId" uuid
);


--
-- Name: WeldingTasks; Type: TABLE; Schema: public; Owner: -
--

CREATE TABLE public."WeldingTasks" (
    "Id" uuid NOT NULL,
    "Number" integer NOT NULL,
    "WeldingDate" timestamp without time zone NOT NULL,
    "WeldingStartTime" timestamp without time zone,
    "WeldingEndTime" timestamp without time zone,
    "AmbientTemperature" integer NOT NULL,
    "AirHumidity" integer NOT NULL,
    "InterlayerTemperature" integer NOT NULL,
    "CurrentLayerNumber" integer NOT NULL,
    "PreheatingTemperature" integer NOT NULL,
    "DefectReasons" text,
    "DefectsDetected" text,
    "WeldingCurrentValues" double precision[],
    "ArcVoltageValues" double precision[],
    "ShortTermDeviation" double precision,
    "LongTermDeviation" double precision,
    "BasicMaterial" text NOT NULL,
    "MainMaterialBatchNumber" text NOT NULL,
    "WeldingMaterial" text NOT NULL,
    "WeldingMaterialBatchNumber" text NOT NULL,
    "ProtectiveGas" text,
    "ProtectiveGasBatchNumber" text,
    "SeamId" uuid NOT NULL
);


--
-- Name: WorkingShifts; Type: TABLE; Schema: public; Owner: -
--

CREATE TABLE public."WorkingShifts" (
    "Id" uuid NOT NULL,
    "Number" integer NOT NULL,
    "ShiftStart" interval NOT NULL,
    "ShiftEnd" interval NOT NULL,
    "BreakStart" interval,
    "BreakEnd" interval,
    "DayId" uuid,
    "CalendarId" uuid
);


--
-- Name: Workplaces; Type: TABLE; Schema: public; Owner: -
--

CREATE TABLE public."Workplaces" (
    "Id" uuid NOT NULL,
    "Number" integer NOT NULL,
    "PostId" uuid,
    "ProductionAreaId" uuid
);


--
-- Name: Workshops; Type: TABLE; Schema: public; Owner: -
--

CREATE TABLE public."Workshops" (
    "Id" uuid NOT NULL,
    "Name" text NOT NULL,
    "Number" integer NOT NULL
);


--
-- Data for Name: Calendars; Type: TABLE DATA; Schema: public; Owner: -
--

COPY public."Calendars" ("Id", "Year", "IsMain", "WelderId", "WeldingEquipmentId") FROM stdin;
\.


--
-- Data for Name: Chiefs; Type: TABLE DATA; Schema: public; Owner: -
--

COPY public."Chiefs" ("Id", "UserId", "WeldingEquipmentId") FROM stdin;
9c8a7c5b-74d1-48b3-b469-8fd8aeac4adc	0ed6a1bd-fe81-471e-bf44-6463134f25e6	\N
\.


--
-- Data for Name: Days; Type: TABLE DATA; Schema: public; Owner: -
--

COPY public."Days" ("Id", "MonthNumber", "Number", "IsWorkingDay", "CalendarId") FROM stdin;
\.


--
-- Data for Name: DowntimeReasons; Type: TABLE DATA; Schema: public; Owner: -
--

COPY public."DowntimeReasons" ("Id", "Reason") FROM stdin;
06ddaa3f-76eb-410b-ab32-00e004628bf2	Сборочные операции
11bb9572-63ec-43c9-9464-2794e4880d12	Переналадка оборудования, получение инструмента до начала работы, снятие/сдача по окончании работы
1941dced-b0ac-4648-b5b0-d7661231ecca	Неявка оператора (б/лист, отпуск, и пр.)
32250a8b-1ce0-468d-9a30-4ec54a6df58e	Работа по карте несоответствий
324cc2cd-1923-4c14-a670-391867ee55d7	Нерабочее время по графику согласно сменности
38b9ffea-1704-4953-b82b-4a34179fa51a	Отсутствие оператора в связи с необеспеченностью
3ea53338-f3d3-4168-b447-2823b7823cdc	Аварийный ремонт централизованными службами
424dc074-85fb-493e-8a74-5c2158d17e26	Установка, выверка, снятие детали
4e84ea5f-2f70-4adb-b885-f52fd723bcd5	Обед
4ec011c9-d2bc-439a-a6b8-0e293bc47432	Отсутствие энергоносителей
7455831b-eded-4cbb-827b-fc5145bea216	Отсутствие конструктора, технолога или ожидание его решения
76a1a60e-e8e5-4138-91eb-e7b0b2aaace0	Контроль на рабочем месте
7c36acc3-1bc5-4ee7-81fb-7b73675a7b83	Праздники и выходные
7eb2650d-992e-4e2a-ac00-d1deac3b2013	Отсутствие заданий
8456a7a4-5a1a-4c50-bea3-a5391f13fe8d	Установка, выверка, снятие детали
8bd77ea9-1552-45cd-85a4-10978f923b81	Естественные надобности
8ef3e572-eddd-441a-9b2d-960a74f10f4b	Отсутствие материала, заготовок, деталей
a76902d3-2d92-401c-ba83-228e17c6502e	Отсутствие крана, транспорта
b3fe778a-90fb-4b79-a053-5877efabd40f	Уборка, осмотр оборудования, чистка/смазка оборудования
c2a79ff7-0150-41ac-a212-816d972f8445	Изменение режимов, смена инструмента, приспособления
ce894138-3307-44a8-be56-7dc0de1d957a	Отсутствие сотрудника ОТК
da47795b-f8b0-4165-b1be-4864961ad810	Ознакомление с работой, документацией, инструктаж
e875b74d-a406-42b9-86f2-65c184ada8f5	Отсутствие инструмента, оснастки вспомогательного оборудования
fab70421-797b-494d-a22a-7adac22898ec	Работа с управляющей программой
fed6f68e-bd5c-4a8e-be4b-c11a4e3a7c65	Плановый ремонт централизованными службами
\.


--
-- Data for Name: EventLogs; Type: TABLE DATA; Schema: public; Owner: -
--

COPY public."EventLogs" ("Id", "Information", "DateTime", "UserId") FROM stdin;
\.


--
-- Data for Name: Inspectors; Type: TABLE DATA; Schema: public; Owner: -
--

COPY public."Inspectors" ("Id", "UserId") FROM stdin;
ef29cb7f-e0d8-4d85-ab52-ab319d00044a	665bed38-21f5-4bc2-88f8-f66fd16d5723
\.


--
-- Data for Name: LayerInstructions; Type: TABLE DATA; Schema: public; Owner: -
--

COPY public."LayerInstructions" ("Id", "WeldingCurrentMin", "WeldingCurrentMax", "ArcVoltageMin", "ArcVoltageMax", "PreheatingTemperatureMin", "PreheatingTemperatureMax", "WeldPassageId") FROM stdin;
\.


--
-- Data for Name: Masters; Type: TABLE DATA; Schema: public; Owner: -
--

COPY public."Masters" ("Id", "UserId", "WeldingEquipmentId") FROM stdin;
a98dd105-df17-446f-941b-72ba0401d729	3e4be73d-9f3f-413a-adf0-ae7e5773a9ac	5b7b8cea-ac12-49ce-bdf3-2903643205ee
\.


--
-- Data for Name: Posts; Type: TABLE DATA; Schema: public; Owner: -
--

COPY public."Posts" ("Id", "Number", "Name", "ProductionAreaId") FROM stdin;
4fb642e5-8e86-41d0-ac4d-9e621827cd0c	1	Пост 1	0e2650da-1064-4626-9ca9-c1d8cee455dd
736bfe1c-39eb-47e6-818e-bec78cd4d1f1	2	Пост 2	b5f0488a-898a-46e2-8d87-425c76e164b1
d063b53c-4d7d-4c54-890a-1f00d5a4ae70	3	Пост 3	a341a2e7-76a5-4f9f-abce-3653a119c9d8
\.


--
-- Data for Name: ProductInsides; Type: TABLE DATA; Schema: public; Owner: -
--

COPY public."ProductInsides" ("MainProductId", "InsideProductId") FROM stdin;
05aead1c-6d8c-4242-91da-364eff7f489a	56fe9a02-6560-4ed3-b9e5-1779cdeee83e
05aead1c-6d8c-4242-91da-364eff7f489a	9d2120f0-6f16-483a-9bc7-8c60b68526dd
0118a67f-ae84-404b-b450-6a94a6a5197b	cce69c33-9334-40df-8cf1-3f758ada072f
0118a67f-ae84-404b-b450-6a94a6a5197b	e6e78c11-5aa9-4f7c-9fa8-976905f5ab97
\.


--
-- Data for Name: ProductionAreas; Type: TABLE DATA; Schema: public; Owner: -
--

COPY public."ProductionAreas" ("Id", "Name", "Number", "WorkshopId") FROM stdin;
0e2650da-1064-4626-9ca9-c1d8cee455dd	Производственный участок 1	1	bf261639-5c19-4b41-8640-5686e780ba63
a341a2e7-76a5-4f9f-abce-3653a119c9d8	Производственный участок 3	3	bf261639-5c19-4b41-8640-5686e780ba63
b5f0488a-898a-46e2-8d87-425c76e164b1	Производственный участок 2	2	bf261639-5c19-4b41-8640-5686e780ba63
\.


--
-- Data for Name: Products; Type: TABLE DATA; Schema: public; Owner: -
--

COPY public."Products" ("Id", "Name", "Number", "Status", "IsControlSubject", "ProductType", "WeldingTaskId", "TechnologicalProcessId", "ProductionAreaId", "WorkplaceId", "MasterId", "InspectorId") FROM stdin;
56fe9a02-6560-4ed3-b9e5-1779cdeee83e	Узел 1	1	2	f	2	\N	\N	0e2650da-1064-4626-9ca9-c1d8cee455dd	04ca2750-2e17-4a2f-a4b6-a602bd520eae	a98dd105-df17-446f-941b-72ba0401d729	ef29cb7f-e0d8-4d85-ab52-ab319d00044a
9d2120f0-6f16-483a-9bc7-8c60b68526dd	Деталь 1	1	2	f	3	\N	\N	0e2650da-1064-4626-9ca9-c1d8cee455dd	04ca2750-2e17-4a2f-a4b6-a602bd520eae	a98dd105-df17-446f-941b-72ba0401d729	ef29cb7f-e0d8-4d85-ab52-ab319d00044a
cce69c33-9334-40df-8cf1-3f758ada072f	Деталь 2	2	2	t	3	\N	\N	0e2650da-1064-4626-9ca9-c1d8cee455dd	04ca2750-2e17-4a2f-a4b6-a602bd520eae	a98dd105-df17-446f-941b-72ba0401d729	ef29cb7f-e0d8-4d85-ab52-ab319d00044a
e6e78c11-5aa9-4f7c-9fa8-976905f5ab97	Узел 2	2	2	f	2	\N	\N	0e2650da-1064-4626-9ca9-c1d8cee455dd	04ca2750-2e17-4a2f-a4b6-a602bd520eae	a98dd105-df17-446f-941b-72ba0401d729	ef29cb7f-e0d8-4d85-ab52-ab319d00044a
0118a67f-ae84-404b-b450-6a94a6a5197b	Изделие 2	2	4	f	1	\N	3cdce57a-ebe5-481f-a11e-13e1176565ce	0e2650da-1064-4626-9ca9-c1d8cee455dd	04ca2750-2e17-4a2f-a4b6-a602bd520eae	a98dd105-df17-446f-941b-72ba0401d729	ef29cb7f-e0d8-4d85-ab52-ab319d00044a
05aead1c-6d8c-4242-91da-364eff7f489a	Изделие 1	1	1	t	1	\N	08781f16-4cb7-4ddc-877d-c113dbd38d31	0e2650da-1064-4626-9ca9-c1d8cee455dd	04ca2750-2e17-4a2f-a4b6-a602bd520eae	a98dd105-df17-446f-941b-72ba0401d729	ef29cb7f-e0d8-4d85-ab52-ab319d00044a
\.


--
-- Data for Name: Roles; Type: TABLE DATA; Schema: public; Owner: -
--

COPY public."Roles" ("Id", "Name") FROM stdin;
6ee64d77-8d31-4ca4-b81a-9edfa123979a	Admin
66584913-6722-49c7-bafb-109df87a0115	Master
14b57dd7-73cc-42f2-b9b4-93025b55e22c	Executor
b3fd1ac3-c16e-490a-924b-4f965c83a645	TechUser
d2f3c25f-b362-440d-8607-9aad7bd4db1a	Chief
\.


--
-- Data for Name: Seams; Type: TABLE DATA; Schema: public; Owner: -
--

COPY public."Seams" ("Id", "Number", "IsControlSubject", "Status", "ProductId", "ProductionAreaId", "WorkplaceId", "WelderId", "InspectorId") FROM stdin;
9640d181-8012-40be-b629-6a6d35f30a4b	2	t	2	0118a67f-ae84-404b-b450-6a94a6a5197b	0e2650da-1064-4626-9ca9-c1d8cee455dd	04ca2750-2e17-4a2f-a4b6-a602bd520eae	5b3c5ae3-6be6-4c7b-83e9-edbdd6c28c45	ef29cb7f-e0d8-4d85-ab52-ab319d00044a
bb2fb228-a03c-48b0-9853-bcc80e88f6dc	1	f	3	05aead1c-6d8c-4242-91da-364eff7f489a	0e2650da-1064-4626-9ca9-c1d8cee455dd	04ca2750-2e17-4a2f-a4b6-a602bd520eae	5b3c5ae3-6be6-4c7b-83e9-edbdd6c28c45	ef29cb7f-e0d8-4d85-ab52-ab319d00044a
\.


--
-- Data for Name: StatusReasons; Type: TABLE DATA; Schema: public; Owner: -
--

COPY public."StatusReasons" ("Id", "Date", "Status", "Reason", "ProductId", "SeamId") FROM stdin;
333a9715-bc12-425c-a888-baaca7f43e75	2023-01-19 18:54:33.849892	1	Какая-то причина брака	05aead1c-6d8c-4242-91da-364eff7f489a	\N
2e7a201a-95d4-427e-be89-150df7665b85	2023-01-19 18:54:33.850466	1	Какая-то причина брака	\N	bb2fb228-a03c-48b0-9853-bcc80e88f6dc
\.


--
-- Data for Name: TechnologicalInstruction; Type: TABLE DATA; Schema: public; Owner: -
--

COPY public."TechnologicalInstruction" ("Id", "Number", "Name", "SeamId", "TechnologicalProcessId") FROM stdin;
16f77426-3ab9-487b-aeab-3c1b6213b3c1	2	Инструкция 2	9640d181-8012-40be-b629-6a6d35f30a4b	3cdce57a-ebe5-481f-a11e-13e1176565ce
f26f1dbb-d30f-4ea4-888f-b6072122b8a8	1	Инструкция 1	bb2fb228-a03c-48b0-9853-bcc80e88f6dc	08781f16-4cb7-4ddc-877d-c113dbd38d31
\.


--
-- Data for Name: TechnologicalProcesses; Type: TABLE DATA; Schema: public; Owner: -
--

COPY public."TechnologicalProcesses" ("Id", "Number", "Name", "PdmSystemFileLink") FROM stdin;
08781f16-4cb7-4ddc-877d-c113dbd38d31	1	Технологический процесс 1	Ссылка
3cdce57a-ebe5-481f-a11e-13e1176565ce	2	Технологический процесс 2	Ссылка
\.


--
-- Data for Name: UserRoles; Type: TABLE DATA; Schema: public; Owner: -
--

COPY public."UserRoles" ("UserId", "RoleId") FROM stdin;
0ed6a1bd-fe81-471e-bf44-6463134f25e6	d2f3c25f-b362-440d-8607-9aad7bd4db1a
478f2483-f226-4715-862c-4c295e5fff34	14b57dd7-73cc-42f2-b9b4-93025b55e22c
6b80bdae-4782-4467-aef1-b03a360075b3	14b57dd7-73cc-42f2-b9b4-93025b55e22c
d1ab32d9-073a-4b2e-a8fa-21f5a10e70ca	14b57dd7-73cc-42f2-b9b4-93025b55e22c
3e4be73d-9f3f-413a-adf0-ae7e5773a9ac	66584913-6722-49c7-bafb-109df87a0115
665bed38-21f5-4bc2-88f8-f66fd16d5723	b3fd1ac3-c16e-490a-924b-4f965c83a645
a7609d2d-b0ce-4043-ad5a-c7814f5b4429	6ee64d77-8d31-4ca4-b81a-9edfa123979a
\.


--
-- Data for Name: Users; Type: TABLE DATA; Schema: public; Owner: -
--

COPY public."Users" ("Id", "FirstName", "LastName", "MiddleName", "UserName", "Email", "PasswordHash", "Position", "ServiceNumber", "CertificateValidityPeriod", "RfidTag", "ProductionAreaId") FROM stdin;
0ed6a1bd-fe81-471e-bf44-6463134f25e6	Имя начальника цеха	Отчество начальника цеха	Фамилия начальника цеха	UserName	Email	PasswordHash	Должность 1	Табельный номер  1	2025-02-02 00:00:00	RFID метка начальника цеха 1	0e2650da-1064-4626-9ca9-c1d8cee455dd
478f2483-f226-4715-862c-4c295e5fff34	Имя 2	Отчество 2	Фамилия 2	UserName	Email	PasswordHash	Должность 2	Табельный номер  2	2025-01-01 00:00:00	RFID метка сварщика 2	a341a2e7-76a5-4f9f-abce-3653a119c9d8
6b80bdae-4782-4467-aef1-b03a360075b3	Имя 3	Отчество 3	Фамилия 3	UserName	Email	PasswordHash	Должность 3	Табельный номер 3	2025-03-03 00:00:00	RFID метка сварщика 3	b5f0488a-898a-46e2-8d87-425c76e164b1
d1ab32d9-073a-4b2e-a8fa-21f5a10e70ca	Имя 1	Отчество 1	Фамилия 1	UserName	Email	PasswordHash	Должность 1	Табельный номер  1	2025-02-02 00:00:00	RFID метка сварщика 1	0e2650da-1064-4626-9ca9-c1d8cee455dd
3e4be73d-9f3f-413a-adf0-ae7e5773a9ac	Имя мастера	Отчество мастера	Фамилия мастера	UserName	Email	PasswordHash	Должность 1	Табельный номер  1	2025-02-02 00:00:00	RFID метка проверяющего 1	0e2650da-1064-4626-9ca9-c1d8cee455dd
665bed38-21f5-4bc2-88f8-f66fd16d5723	Имя Контролера	Имя Контролера	Имя Контролера	UserName	Email	PasswordHash	Должность 1	Табельный номер  1	2025-02-02 00:00:00	RFID метка проверяющего 1	0e2650da-1064-4626-9ca9-c1d8cee455dd
a7609d2d-b0ce-4043-ad5a-c7814f5b4429	Admin	Adminovich	Admin	admin1@admin.com	admin@admin.com	$MYHASH$V1$10000$drhqZEXJpj40LXxsRlfgbNqbRKR0bwYkxtJpw4iCqZE0em5c	\N	\N	\N	\N	\N
\.


--
-- Data for Name: WeldPassages; Type: TABLE DATA; Schema: public; Owner: -
--

COPY public."WeldPassages" ("Id", "Number", "Name", "WeldingCurrentMin", "WeldingCurrentMax", "ArcVoltageMin", "ArcVoltageMax", "PreheatingTemperatureMin", "PreheatingTemperatureMax", "SeamId", "TechnologicalInstructionId") FROM stdin;
79bf8b0d-922f-4a51-ac86-47e0247b95ae	1	Корневой	1	100	5	50	10	60	bb2fb228-a03c-48b0-9853-bcc80e88f6dc	f26f1dbb-d30f-4ea4-888f-b6072122b8a8
b33c32dc-4874-4c97-9ad8-02c35f65e65d	2	Заполняющий	1	100	5	50	10	60	9640d181-8012-40be-b629-6a6d35f30a4b	16f77426-3ab9-487b-aeab-3c1b6213b3c1
\.


--
-- Data for Name: Welders; Type: TABLE DATA; Schema: public; Owner: -
--

COPY public."Welders" ("Id", "UserId", "WorkplaceId") FROM stdin;
5b3c5ae3-6be6-4c7b-83e9-edbdd6c28c45	478f2483-f226-4715-862c-4c295e5fff34	4b02be8e-ed45-42a7-9440-7fb6a1430a92
8f84f708-6278-45af-8b2b-103569c9ff6f	6b80bdae-4782-4467-aef1-b03a360075b3	d6252fb6-b62e-4c2a-8378-9d0031446192
dddc5c81-f990-4f13-80b4-dede2cc18f47	d1ab32d9-073a-4b2e-a8fa-21f5a10e70ca	\N
\.


--
-- Data for Name: WeldingEquipmentConditionTimes; Type: TABLE DATA; Schema: public; Owner: -
--

COPY public."WeldingEquipmentConditionTimes" ("Id", "Condition", "Date", "StartConditionTime", "Time", "WeldingEquipmentId", "DowntimeReasonId") FROM stdin;
1ff1accd-fadf-4afc-b3a5-7f5119e26fb3	3	2023-01-19 00:00:00	00:00:00	30	5b7b8cea-ac12-49ce-bdf3-2903643205ee	\N
2a487ebf-8c17-4955-b454-7b5193f5b42f	4	2023-01-19 00:00:00	09:30:00	30	5b7b8cea-ac12-49ce-bdf3-2903643205ee	06ddaa3f-76eb-410b-ab32-00e004628bf2
9ad05391-83f4-468d-a232-eda20ca89899	3	2023-01-19 00:00:00	00:00:00	60	6c52d3f4-664d-4ced-a56d-0e93cb5e09f8	\N
ac9f13a1-9fbc-4576-b16d-55776cc5ea7d	3	2023-01-19 00:00:00	00:00:00	60	88b9879a-ff3e-436b-8435-5074bea7374b	\N
c2277124-77e1-4ac5-9d63-5fe94bdfed7c	3	2023-01-19 00:00:00	00:00:00	60	5b7b8cea-ac12-49ce-bdf3-2903643205ee	\N
f16599e1-e3c7-457b-8a62-4edcecf5c47d	4	2023-01-19 00:00:00	12:50:00	60	6c52d3f4-664d-4ced-a56d-0e93cb5e09f8	1941dced-b0ac-4648-b5b0-d7661231ecca
f4987432-b2f5-4472-994a-a32be7426b28	4	2023-01-19 00:00:00	19:30:00	10	5b7b8cea-ac12-49ce-bdf3-2903643205ee	11bb9572-63ec-43c9-9464-2794e4880d12
\.


--
-- Data for Name: WeldingEquipments; Type: TABLE DATA; Schema: public; Owner: -
--

COPY public."WeldingEquipments" ("Id", "RfidTag", "Name", "Marking", "FactoryNumber", "CommissioningDate", "CurrentCondition", "Height", "Width", "Lenght", "GroupNumber", "ManufacturerName", "NextAttestationDate", "WeldingProcess", "IdleVoltage", "WeldingCurrentMin", "WeldingCurrentMax", "ArcVoltageMin", "ArcVoltageMax", "PostId", "WelderId") FROM stdin;
5b7b8cea-ac12-49ce-bdf3-2903643205ee	RFID метка 1	Какое-то оборудование 1	Маркировка 1	12	2020-01-23 00:00:00	2	20	30	40	3	Изготовитель 1	2023-02-05 00:00:00	Способ сварки 1	12.3	5.5	10.9	6.1	7.9	4fb642e5-8e86-41d0-ac4d-9e621827cd0c	5b3c5ae3-6be6-4c7b-83e9-edbdd6c28c45
6c52d3f4-664d-4ced-a56d-0e93cb5e09f8	RFID метка 3	Какое-то оборудование 3	Маркировка 3	32	2022-02-23 00:00:00	3	20	30	40	3	Изготовитель 3	2024-02-05 00:00:00	Способ сварки 3	12.3	5.5	10.9	6.1	7.9	\N	dddc5c81-f990-4f13-80b4-dede2cc18f47
88b9879a-ff3e-436b-8435-5074bea7374b	RFID метка 2	Какое-то оборудование 2	Маркировка 2	22	2021-02-23 00:00:00	1	20	30	40	3	Изготовитель 2	2023-02-05 00:00:00	Способ сварки 2	12.3	5.5	10.9	6.1	7.9	4fb642e5-8e86-41d0-ac4d-9e621827cd0c	8f84f708-6278-45af-8b2b-103569c9ff6f
\.


--
-- Data for Name: WeldingTasks; Type: TABLE DATA; Schema: public; Owner: -
--

COPY public."WeldingTasks" ("Id", "Number", "WeldingDate", "WeldingStartTime", "WeldingEndTime", "AmbientTemperature", "AirHumidity", "InterlayerTemperature", "CurrentLayerNumber", "PreheatingTemperature", "DefectReasons", "DefectsDetected", "WeldingCurrentValues", "ArcVoltageValues", "ShortTermDeviation", "LongTermDeviation", "BasicMaterial", "MainMaterialBatchNumber", "WeldingMaterial", "WeldingMaterialBatchNumber", "ProtectiveGas", "ProtectiveGasBatchNumber", "SeamId") FROM stdin;
b40f9e52-7bfb-448f-bbf7-a93d6286ee2e	2	2022-01-01 00:00:00	2022-01-03 00:00:00	\N	320	1	220	12	2	\N	\N	{1.2,2.3,6.8}	{11.2,2.33,26.8}	\N	\N	Основной материал	№ сертификата	варочные материалы	№ сертификата	\N	\N	bb2fb228-a03c-48b0-9853-bcc80e88f6dc
d6d6b74d-6dc4-4da2-bec6-87a73ea0beaa	1	2022-01-01 00:00:00	2022-01-03 00:00:00	\N	300	1	200	81	150	\N	\N	{1.2,2.3,6.8}	{11.2,2.33,26.8}	\N	\N	Основной материал	№ сертификата	варочные материалы	№ сертификата	\N	\N	9640d181-8012-40be-b629-6a6d35f30a4b
\.


--
-- Data for Name: WorkingShifts; Type: TABLE DATA; Schema: public; Owner: -
--

COPY public."WorkingShifts" ("Id", "Number", "ShiftStart", "ShiftEnd", "BreakStart", "BreakEnd", "DayId", "CalendarId") FROM stdin;
\.


--
-- Data for Name: Workplaces; Type: TABLE DATA; Schema: public; Owner: -
--

COPY public."Workplaces" ("Id", "Number", "PostId", "ProductionAreaId") FROM stdin;
04ca2750-2e17-4a2f-a4b6-a602bd520eae	3	\N	a341a2e7-76a5-4f9f-abce-3653a119c9d8
4b02be8e-ed45-42a7-9440-7fb6a1430a92	2	\N	b5f0488a-898a-46e2-8d87-425c76e164b1
d6252fb6-b62e-4c2a-8378-9d0031446192	1	\N	0e2650da-1064-4626-9ca9-c1d8cee455dd
\.


--
-- Data for Name: Workshops; Type: TABLE DATA; Schema: public; Owner: -
--

COPY public."Workshops" ("Id", "Name", "Number") FROM stdin;
bf261639-5c19-4b41-8640-5686e780ba63	Цех	1
\.


--
-- Name: Calendars PK_Calendars; Type: CONSTRAINT; Schema: public; Owner: -
--

ALTER TABLE ONLY public."Calendars"
    ADD CONSTRAINT "PK_Calendars" PRIMARY KEY ("Id");


--
-- Name: Chiefs PK_Chiefs; Type: CONSTRAINT; Schema: public; Owner: -
--

ALTER TABLE ONLY public."Chiefs"
    ADD CONSTRAINT "PK_Chiefs" PRIMARY KEY ("Id");


--
-- Name: Days PK_Days; Type: CONSTRAINT; Schema: public; Owner: -
--

ALTER TABLE ONLY public."Days"
    ADD CONSTRAINT "PK_Days" PRIMARY KEY ("Id");


--
-- Name: DowntimeReasons PK_DowntimeReasons; Type: CONSTRAINT; Schema: public; Owner: -
--

ALTER TABLE ONLY public."DowntimeReasons"
    ADD CONSTRAINT "PK_DowntimeReasons" PRIMARY KEY ("Id");


--
-- Name: EventLogs PK_EventLogs; Type: CONSTRAINT; Schema: public; Owner: -
--

ALTER TABLE ONLY public."EventLogs"
    ADD CONSTRAINT "PK_EventLogs" PRIMARY KEY ("Id");


--
-- Name: Inspectors PK_Inspectors; Type: CONSTRAINT; Schema: public; Owner: -
--

ALTER TABLE ONLY public."Inspectors"
    ADD CONSTRAINT "PK_Inspectors" PRIMARY KEY ("Id");


--
-- Name: LayerInstructions PK_LayerInstructions; Type: CONSTRAINT; Schema: public; Owner: -
--

ALTER TABLE ONLY public."LayerInstructions"
    ADD CONSTRAINT "PK_LayerInstructions" PRIMARY KEY ("Id");


--
-- Name: Masters PK_Masters; Type: CONSTRAINT; Schema: public; Owner: -
--

ALTER TABLE ONLY public."Masters"
    ADD CONSTRAINT "PK_Masters" PRIMARY KEY ("Id");


--
-- Name: Posts PK_Posts; Type: CONSTRAINT; Schema: public; Owner: -
--

ALTER TABLE ONLY public."Posts"
    ADD CONSTRAINT "PK_Posts" PRIMARY KEY ("Id");


--
-- Name: ProductInsides PK_ProductInsides; Type: CONSTRAINT; Schema: public; Owner: -
--

ALTER TABLE ONLY public."ProductInsides"
    ADD CONSTRAINT "PK_ProductInsides" PRIMARY KEY ("InsideProductId", "MainProductId");


--
-- Name: ProductionAreas PK_ProductionAreas; Type: CONSTRAINT; Schema: public; Owner: -
--

ALTER TABLE ONLY public."ProductionAreas"
    ADD CONSTRAINT "PK_ProductionAreas" PRIMARY KEY ("Id");


--
-- Name: Products PK_Products; Type: CONSTRAINT; Schema: public; Owner: -
--

ALTER TABLE ONLY public."Products"
    ADD CONSTRAINT "PK_Products" PRIMARY KEY ("Id");


--
-- Name: Roles PK_Roles; Type: CONSTRAINT; Schema: public; Owner: -
--

ALTER TABLE ONLY public."Roles"
    ADD CONSTRAINT "PK_Roles" PRIMARY KEY ("Id");


--
-- Name: Seams PK_Seams; Type: CONSTRAINT; Schema: public; Owner: -
--

ALTER TABLE ONLY public."Seams"
    ADD CONSTRAINT "PK_Seams" PRIMARY KEY ("Id");


--
-- Name: StatusReasons PK_StatusReasons; Type: CONSTRAINT; Schema: public; Owner: -
--

ALTER TABLE ONLY public."StatusReasons"
    ADD CONSTRAINT "PK_StatusReasons" PRIMARY KEY ("Id");


--
-- Name: TechnologicalInstruction PK_TechnologicalInstruction; Type: CONSTRAINT; Schema: public; Owner: -
--

ALTER TABLE ONLY public."TechnologicalInstruction"
    ADD CONSTRAINT "PK_TechnologicalInstruction" PRIMARY KEY ("Id");


--
-- Name: TechnologicalProcesses PK_TechnologicalProcesses; Type: CONSTRAINT; Schema: public; Owner: -
--

ALTER TABLE ONLY public."TechnologicalProcesses"
    ADD CONSTRAINT "PK_TechnologicalProcesses" PRIMARY KEY ("Id");


--
-- Name: UserRoles PK_UserRoles; Type: CONSTRAINT; Schema: public; Owner: -
--

ALTER TABLE ONLY public."UserRoles"
    ADD CONSTRAINT "PK_UserRoles" PRIMARY KEY ("RoleId", "UserId");


--
-- Name: Users PK_Users; Type: CONSTRAINT; Schema: public; Owner: -
--

ALTER TABLE ONLY public."Users"
    ADD CONSTRAINT "PK_Users" PRIMARY KEY ("Id");


--
-- Name: WeldPassages PK_WeldPassages; Type: CONSTRAINT; Schema: public; Owner: -
--

ALTER TABLE ONLY public."WeldPassages"
    ADD CONSTRAINT "PK_WeldPassages" PRIMARY KEY ("Id");


--
-- Name: Welders PK_Welders; Type: CONSTRAINT; Schema: public; Owner: -
--

ALTER TABLE ONLY public."Welders"
    ADD CONSTRAINT "PK_Welders" PRIMARY KEY ("Id");


--
-- Name: WeldingEquipmentConditionTimes PK_WeldingEquipmentConditionTimes; Type: CONSTRAINT; Schema: public; Owner: -
--

ALTER TABLE ONLY public."WeldingEquipmentConditionTimes"
    ADD CONSTRAINT "PK_WeldingEquipmentConditionTimes" PRIMARY KEY ("Id");


--
-- Name: WeldingEquipments PK_WeldingEquipments; Type: CONSTRAINT; Schema: public; Owner: -
--

ALTER TABLE ONLY public."WeldingEquipments"
    ADD CONSTRAINT "PK_WeldingEquipments" PRIMARY KEY ("Id");


--
-- Name: WeldingTasks PK_WeldingTasks; Type: CONSTRAINT; Schema: public; Owner: -
--

ALTER TABLE ONLY public."WeldingTasks"
    ADD CONSTRAINT "PK_WeldingTasks" PRIMARY KEY ("Id");


--
-- Name: WorkingShifts PK_WorkingShifts; Type: CONSTRAINT; Schema: public; Owner: -
--

ALTER TABLE ONLY public."WorkingShifts"
    ADD CONSTRAINT "PK_WorkingShifts" PRIMARY KEY ("Id");


--
-- Name: Workplaces PK_Workplaces; Type: CONSTRAINT; Schema: public; Owner: -
--

ALTER TABLE ONLY public."Workplaces"
    ADD CONSTRAINT "PK_Workplaces" PRIMARY KEY ("Id");


--
-- Name: Workshops PK_Workshops; Type: CONSTRAINT; Schema: public; Owner: -
--

ALTER TABLE ONLY public."Workshops"
    ADD CONSTRAINT "PK_Workshops" PRIMARY KEY ("Id");


--
-- Name: IX_Calendars_WelderId; Type: INDEX; Schema: public; Owner: -
--

CREATE INDEX "IX_Calendars_WelderId" ON public."Calendars" USING btree ("WelderId");


--
-- Name: IX_Calendars_WeldingEquipmentId; Type: INDEX; Schema: public; Owner: -
--

CREATE INDEX "IX_Calendars_WeldingEquipmentId" ON public."Calendars" USING btree ("WeldingEquipmentId");


--
-- Name: IX_Chiefs_UserId; Type: INDEX; Schema: public; Owner: -
--

CREATE INDEX "IX_Chiefs_UserId" ON public."Chiefs" USING btree ("UserId");


--
-- Name: IX_Chiefs_WeldingEquipmentId; Type: INDEX; Schema: public; Owner: -
--

CREATE UNIQUE INDEX "IX_Chiefs_WeldingEquipmentId" ON public."Chiefs" USING btree ("WeldingEquipmentId");


--
-- Name: IX_Days_CalendarId; Type: INDEX; Schema: public; Owner: -
--

CREATE INDEX "IX_Days_CalendarId" ON public."Days" USING btree ("CalendarId");


--
-- Name: IX_EventLogs_UserId; Type: INDEX; Schema: public; Owner: -
--

CREATE INDEX "IX_EventLogs_UserId" ON public."EventLogs" USING btree ("UserId");


--
-- Name: IX_Inspectors_UserId; Type: INDEX; Schema: public; Owner: -
--

CREATE INDEX "IX_Inspectors_UserId" ON public."Inspectors" USING btree ("UserId");


--
-- Name: IX_LayerInstructions_WeldPassageId; Type: INDEX; Schema: public; Owner: -
--

CREATE INDEX "IX_LayerInstructions_WeldPassageId" ON public."LayerInstructions" USING btree ("WeldPassageId");


--
-- Name: IX_Masters_UserId; Type: INDEX; Schema: public; Owner: -
--

CREATE INDEX "IX_Masters_UserId" ON public."Masters" USING btree ("UserId");


--
-- Name: IX_Masters_WeldingEquipmentId; Type: INDEX; Schema: public; Owner: -
--

CREATE UNIQUE INDEX "IX_Masters_WeldingEquipmentId" ON public."Masters" USING btree ("WeldingEquipmentId");


--
-- Name: IX_Posts_ProductionAreaId; Type: INDEX; Schema: public; Owner: -
--

CREATE INDEX "IX_Posts_ProductionAreaId" ON public."Posts" USING btree ("ProductionAreaId");


--
-- Name: IX_ProductInsides_MainProductId; Type: INDEX; Schema: public; Owner: -
--

CREATE INDEX "IX_ProductInsides_MainProductId" ON public."ProductInsides" USING btree ("MainProductId");


--
-- Name: IX_ProductionAreas_WorkshopId; Type: INDEX; Schema: public; Owner: -
--

CREATE INDEX "IX_ProductionAreas_WorkshopId" ON public."ProductionAreas" USING btree ("WorkshopId");


--
-- Name: IX_Products_InspectorId; Type: INDEX; Schema: public; Owner: -
--

CREATE INDEX "IX_Products_InspectorId" ON public."Products" USING btree ("InspectorId");


--
-- Name: IX_Products_MasterId; Type: INDEX; Schema: public; Owner: -
--

CREATE INDEX "IX_Products_MasterId" ON public."Products" USING btree ("MasterId");


--
-- Name: IX_Products_ProductionAreaId; Type: INDEX; Schema: public; Owner: -
--

CREATE INDEX "IX_Products_ProductionAreaId" ON public."Products" USING btree ("ProductionAreaId");


--
-- Name: IX_Products_TechnologicalProcessId; Type: INDEX; Schema: public; Owner: -
--

CREATE INDEX "IX_Products_TechnologicalProcessId" ON public."Products" USING btree ("TechnologicalProcessId");


--
-- Name: IX_Products_WeldingTaskId; Type: INDEX; Schema: public; Owner: -
--

CREATE INDEX "IX_Products_WeldingTaskId" ON public."Products" USING btree ("WeldingTaskId");


--
-- Name: IX_Products_WorkplaceId; Type: INDEX; Schema: public; Owner: -
--

CREATE INDEX "IX_Products_WorkplaceId" ON public."Products" USING btree ("WorkplaceId");


--
-- Name: IX_Seams_InspectorId; Type: INDEX; Schema: public; Owner: -
--

CREATE INDEX "IX_Seams_InspectorId" ON public."Seams" USING btree ("InspectorId");


--
-- Name: IX_Seams_ProductId; Type: INDEX; Schema: public; Owner: -
--

CREATE INDEX "IX_Seams_ProductId" ON public."Seams" USING btree ("ProductId");


--
-- Name: IX_Seams_ProductionAreaId; Type: INDEX; Schema: public; Owner: -
--

CREATE INDEX "IX_Seams_ProductionAreaId" ON public."Seams" USING btree ("ProductionAreaId");


--
-- Name: IX_Seams_WelderId; Type: INDEX; Schema: public; Owner: -
--

CREATE INDEX "IX_Seams_WelderId" ON public."Seams" USING btree ("WelderId");


--
-- Name: IX_Seams_WorkplaceId; Type: INDEX; Schema: public; Owner: -
--

CREATE INDEX "IX_Seams_WorkplaceId" ON public."Seams" USING btree ("WorkplaceId");


--
-- Name: IX_StatusReasons_ProductId; Type: INDEX; Schema: public; Owner: -
--

CREATE INDEX "IX_StatusReasons_ProductId" ON public."StatusReasons" USING btree ("ProductId");


--
-- Name: IX_StatusReasons_SeamId; Type: INDEX; Schema: public; Owner: -
--

CREATE INDEX "IX_StatusReasons_SeamId" ON public."StatusReasons" USING btree ("SeamId");


--
-- Name: IX_TechnologicalInstruction_SeamId; Type: INDEX; Schema: public; Owner: -
--

CREATE UNIQUE INDEX "IX_TechnologicalInstruction_SeamId" ON public."TechnologicalInstruction" USING btree ("SeamId");


--
-- Name: IX_TechnologicalInstruction_TechnologicalProcessId; Type: INDEX; Schema: public; Owner: -
--

CREATE INDEX "IX_TechnologicalInstruction_TechnologicalProcessId" ON public."TechnologicalInstruction" USING btree ("TechnologicalProcessId");


--
-- Name: IX_UserRoles_UserId; Type: INDEX; Schema: public; Owner: -
--

CREATE INDEX "IX_UserRoles_UserId" ON public."UserRoles" USING btree ("UserId");


--
-- Name: IX_Users_ProductionAreaId; Type: INDEX; Schema: public; Owner: -
--

CREATE INDEX "IX_Users_ProductionAreaId" ON public."Users" USING btree ("ProductionAreaId");


--
-- Name: IX_WeldPassages_SeamId; Type: INDEX; Schema: public; Owner: -
--

CREATE INDEX "IX_WeldPassages_SeamId" ON public."WeldPassages" USING btree ("SeamId");


--
-- Name: IX_WeldPassages_TechnologicalInstructionId; Type: INDEX; Schema: public; Owner: -
--

CREATE INDEX "IX_WeldPassages_TechnologicalInstructionId" ON public."WeldPassages" USING btree ("TechnologicalInstructionId");


--
-- Name: IX_Welders_UserId; Type: INDEX; Schema: public; Owner: -
--

CREATE INDEX "IX_Welders_UserId" ON public."Welders" USING btree ("UserId");


--
-- Name: IX_Welders_WorkplaceId; Type: INDEX; Schema: public; Owner: -
--

CREATE INDEX "IX_Welders_WorkplaceId" ON public."Welders" USING btree ("WorkplaceId");


--
-- Name: IX_WeldingEquipmentConditionTimes_DowntimeReasonId; Type: INDEX; Schema: public; Owner: -
--

CREATE INDEX "IX_WeldingEquipmentConditionTimes_DowntimeReasonId" ON public."WeldingEquipmentConditionTimes" USING btree ("DowntimeReasonId");


--
-- Name: IX_WeldingEquipmentConditionTimes_WeldingEquipmentId; Type: INDEX; Schema: public; Owner: -
--

CREATE INDEX "IX_WeldingEquipmentConditionTimes_WeldingEquipmentId" ON public."WeldingEquipmentConditionTimes" USING btree ("WeldingEquipmentId");


--
-- Name: IX_WeldingEquipments_PostId; Type: INDEX; Schema: public; Owner: -
--

CREATE INDEX "IX_WeldingEquipments_PostId" ON public."WeldingEquipments" USING btree ("PostId");


--
-- Name: IX_WeldingEquipments_WelderId; Type: INDEX; Schema: public; Owner: -
--

CREATE INDEX "IX_WeldingEquipments_WelderId" ON public."WeldingEquipments" USING btree ("WelderId");


--
-- Name: IX_WeldingTasks_SeamId; Type: INDEX; Schema: public; Owner: -
--

CREATE UNIQUE INDEX "IX_WeldingTasks_SeamId" ON public."WeldingTasks" USING btree ("SeamId");


--
-- Name: IX_WorkingShifts_CalendarId; Type: INDEX; Schema: public; Owner: -
--

CREATE INDEX "IX_WorkingShifts_CalendarId" ON public."WorkingShifts" USING btree ("CalendarId");


--
-- Name: IX_WorkingShifts_DayId; Type: INDEX; Schema: public; Owner: -
--

CREATE INDEX "IX_WorkingShifts_DayId" ON public."WorkingShifts" USING btree ("DayId");


--
-- Name: IX_Workplaces_PostId; Type: INDEX; Schema: public; Owner: -
--

CREATE INDEX "IX_Workplaces_PostId" ON public."Workplaces" USING btree ("PostId");


--
-- Name: IX_Workplaces_ProductionAreaId; Type: INDEX; Schema: public; Owner: -
--

CREATE INDEX "IX_Workplaces_ProductionAreaId" ON public."Workplaces" USING btree ("ProductionAreaId");


--
-- Name: Calendars FK_Calendars_Welders_WelderId; Type: FK CONSTRAINT; Schema: public; Owner: -
--

ALTER TABLE ONLY public."Calendars"
    ADD CONSTRAINT "FK_Calendars_Welders_WelderId" FOREIGN KEY ("WelderId") REFERENCES public."Welders"("Id");


--
-- Name: Calendars FK_Calendars_WeldingEquipments_WeldingEquipmentId; Type: FK CONSTRAINT; Schema: public; Owner: -
--

ALTER TABLE ONLY public."Calendars"
    ADD CONSTRAINT "FK_Calendars_WeldingEquipments_WeldingEquipmentId" FOREIGN KEY ("WeldingEquipmentId") REFERENCES public."WeldingEquipments"("Id");


--
-- Name: Chiefs FK_Chiefs_Users_UserId; Type: FK CONSTRAINT; Schema: public; Owner: -
--

ALTER TABLE ONLY public."Chiefs"
    ADD CONSTRAINT "FK_Chiefs_Users_UserId" FOREIGN KEY ("UserId") REFERENCES public."Users"("Id") ON DELETE CASCADE;


--
-- Name: Chiefs FK_Chiefs_WeldingEquipments_WeldingEquipmentId; Type: FK CONSTRAINT; Schema: public; Owner: -
--

ALTER TABLE ONLY public."Chiefs"
    ADD CONSTRAINT "FK_Chiefs_WeldingEquipments_WeldingEquipmentId" FOREIGN KEY ("WeldingEquipmentId") REFERENCES public."WeldingEquipments"("Id");


--
-- Name: Days FK_Days_Calendars_CalendarId; Type: FK CONSTRAINT; Schema: public; Owner: -
--

ALTER TABLE ONLY public."Days"
    ADD CONSTRAINT "FK_Days_Calendars_CalendarId" FOREIGN KEY ("CalendarId") REFERENCES public."Calendars"("Id") ON DELETE CASCADE;


--
-- Name: EventLogs FK_EventLogs_Users_UserId; Type: FK CONSTRAINT; Schema: public; Owner: -
--

ALTER TABLE ONLY public."EventLogs"
    ADD CONSTRAINT "FK_EventLogs_Users_UserId" FOREIGN KEY ("UserId") REFERENCES public."Users"("Id");


--
-- Name: Inspectors FK_Inspectors_Users_UserId; Type: FK CONSTRAINT; Schema: public; Owner: -
--

ALTER TABLE ONLY public."Inspectors"
    ADD CONSTRAINT "FK_Inspectors_Users_UserId" FOREIGN KEY ("UserId") REFERENCES public."Users"("Id") ON DELETE CASCADE;


--
-- Name: LayerInstructions FK_LayerInstructions_WeldPassages_WeldPassageId; Type: FK CONSTRAINT; Schema: public; Owner: -
--

ALTER TABLE ONLY public."LayerInstructions"
    ADD CONSTRAINT "FK_LayerInstructions_WeldPassages_WeldPassageId" FOREIGN KEY ("WeldPassageId") REFERENCES public."WeldPassages"("Id");


--
-- Name: Masters FK_Masters_Users_UserId; Type: FK CONSTRAINT; Schema: public; Owner: -
--

ALTER TABLE ONLY public."Masters"
    ADD CONSTRAINT "FK_Masters_Users_UserId" FOREIGN KEY ("UserId") REFERENCES public."Users"("Id") ON DELETE CASCADE;


--
-- Name: Masters FK_Masters_WeldingEquipments_WeldingEquipmentId; Type: FK CONSTRAINT; Schema: public; Owner: -
--

ALTER TABLE ONLY public."Masters"
    ADD CONSTRAINT "FK_Masters_WeldingEquipments_WeldingEquipmentId" FOREIGN KEY ("WeldingEquipmentId") REFERENCES public."WeldingEquipments"("Id");


--
-- Name: Posts FK_Posts_ProductionAreas_ProductionAreaId; Type: FK CONSTRAINT; Schema: public; Owner: -
--

ALTER TABLE ONLY public."Posts"
    ADD CONSTRAINT "FK_Posts_ProductionAreas_ProductionAreaId" FOREIGN KEY ("ProductionAreaId") REFERENCES public."ProductionAreas"("Id") ON DELETE CASCADE;


--
-- Name: ProductInsides FK_ProductInsides_Products_InsideProductId; Type: FK CONSTRAINT; Schema: public; Owner: -
--

ALTER TABLE ONLY public."ProductInsides"
    ADD CONSTRAINT "FK_ProductInsides_Products_InsideProductId" FOREIGN KEY ("InsideProductId") REFERENCES public."Products"("Id") ON DELETE RESTRICT;


--
-- Name: ProductInsides FK_ProductInsides_Products_MainProductId; Type: FK CONSTRAINT; Schema: public; Owner: -
--

ALTER TABLE ONLY public."ProductInsides"
    ADD CONSTRAINT "FK_ProductInsides_Products_MainProductId" FOREIGN KEY ("MainProductId") REFERENCES public."Products"("Id") ON DELETE CASCADE;


--
-- Name: ProductionAreas FK_ProductionAreas_Workshops_WorkshopId; Type: FK CONSTRAINT; Schema: public; Owner: -
--

ALTER TABLE ONLY public."ProductionAreas"
    ADD CONSTRAINT "FK_ProductionAreas_Workshops_WorkshopId" FOREIGN KEY ("WorkshopId") REFERENCES public."Workshops"("Id") ON DELETE CASCADE;


--
-- Name: Products FK_Products_Inspectors_InspectorId; Type: FK CONSTRAINT; Schema: public; Owner: -
--

ALTER TABLE ONLY public."Products"
    ADD CONSTRAINT "FK_Products_Inspectors_InspectorId" FOREIGN KEY ("InspectorId") REFERENCES public."Inspectors"("Id");


--
-- Name: Products FK_Products_Masters_MasterId; Type: FK CONSTRAINT; Schema: public; Owner: -
--

ALTER TABLE ONLY public."Products"
    ADD CONSTRAINT "FK_Products_Masters_MasterId" FOREIGN KEY ("MasterId") REFERENCES public."Masters"("Id");


--
-- Name: Products FK_Products_ProductionAreas_ProductionAreaId; Type: FK CONSTRAINT; Schema: public; Owner: -
--

ALTER TABLE ONLY public."Products"
    ADD CONSTRAINT "FK_Products_ProductionAreas_ProductionAreaId" FOREIGN KEY ("ProductionAreaId") REFERENCES public."ProductionAreas"("Id");


--
-- Name: Products FK_Products_TechnologicalProcesses_TechnologicalProcessId; Type: FK CONSTRAINT; Schema: public; Owner: -
--

ALTER TABLE ONLY public."Products"
    ADD CONSTRAINT "FK_Products_TechnologicalProcesses_TechnologicalProcessId" FOREIGN KEY ("TechnologicalProcessId") REFERENCES public."TechnologicalProcesses"("Id");


--
-- Name: Products FK_Products_WeldingTasks_WeldingTaskId; Type: FK CONSTRAINT; Schema: public; Owner: -
--

ALTER TABLE ONLY public."Products"
    ADD CONSTRAINT "FK_Products_WeldingTasks_WeldingTaskId" FOREIGN KEY ("WeldingTaskId") REFERENCES public."WeldingTasks"("Id");


--
-- Name: Products FK_Products_Workplaces_WorkplaceId; Type: FK CONSTRAINT; Schema: public; Owner: -
--

ALTER TABLE ONLY public."Products"
    ADD CONSTRAINT "FK_Products_Workplaces_WorkplaceId" FOREIGN KEY ("WorkplaceId") REFERENCES public."Workplaces"("Id");


--
-- Name: Seams FK_Seams_Inspectors_InspectorId; Type: FK CONSTRAINT; Schema: public; Owner: -
--

ALTER TABLE ONLY public."Seams"
    ADD CONSTRAINT "FK_Seams_Inspectors_InspectorId" FOREIGN KEY ("InspectorId") REFERENCES public."Inspectors"("Id");


--
-- Name: Seams FK_Seams_ProductionAreas_ProductionAreaId; Type: FK CONSTRAINT; Schema: public; Owner: -
--

ALTER TABLE ONLY public."Seams"
    ADD CONSTRAINT "FK_Seams_ProductionAreas_ProductionAreaId" FOREIGN KEY ("ProductionAreaId") REFERENCES public."ProductionAreas"("Id");


--
-- Name: Seams FK_Seams_Products_ProductId; Type: FK CONSTRAINT; Schema: public; Owner: -
--

ALTER TABLE ONLY public."Seams"
    ADD CONSTRAINT "FK_Seams_Products_ProductId" FOREIGN KEY ("ProductId") REFERENCES public."Products"("Id");


--
-- Name: Seams FK_Seams_Welders_WelderId; Type: FK CONSTRAINT; Schema: public; Owner: -
--

ALTER TABLE ONLY public."Seams"
    ADD CONSTRAINT "FK_Seams_Welders_WelderId" FOREIGN KEY ("WelderId") REFERENCES public."Welders"("Id");


--
-- Name: Seams FK_Seams_Workplaces_WorkplaceId; Type: FK CONSTRAINT; Schema: public; Owner: -
--

ALTER TABLE ONLY public."Seams"
    ADD CONSTRAINT "FK_Seams_Workplaces_WorkplaceId" FOREIGN KEY ("WorkplaceId") REFERENCES public."Workplaces"("Id");


--
-- Name: StatusReasons FK_StatusReasons_Products_ProductId; Type: FK CONSTRAINT; Schema: public; Owner: -
--

ALTER TABLE ONLY public."StatusReasons"
    ADD CONSTRAINT "FK_StatusReasons_Products_ProductId" FOREIGN KEY ("ProductId") REFERENCES public."Products"("Id");


--
-- Name: StatusReasons FK_StatusReasons_Seams_SeamId; Type: FK CONSTRAINT; Schema: public; Owner: -
--

ALTER TABLE ONLY public."StatusReasons"
    ADD CONSTRAINT "FK_StatusReasons_Seams_SeamId" FOREIGN KEY ("SeamId") REFERENCES public."Seams"("Id");


--
-- Name: TechnologicalInstruction FK_TechnologicalInstruction_Seams_SeamId; Type: FK CONSTRAINT; Schema: public; Owner: -
--

ALTER TABLE ONLY public."TechnologicalInstruction"
    ADD CONSTRAINT "FK_TechnologicalInstruction_Seams_SeamId" FOREIGN KEY ("SeamId") REFERENCES public."Seams"("Id") ON DELETE CASCADE;


--
-- Name: TechnologicalInstruction FK_TechnologicalInstruction_TechnologicalProcesses_Technologic~; Type: FK CONSTRAINT; Schema: public; Owner: -
--

ALTER TABLE ONLY public."TechnologicalInstruction"
    ADD CONSTRAINT "FK_TechnologicalInstruction_TechnologicalProcesses_Technologic~" FOREIGN KEY ("TechnologicalProcessId") REFERENCES public."TechnologicalProcesses"("Id");


--
-- Name: UserRoles FK_UserRoles_Roles_RoleId; Type: FK CONSTRAINT; Schema: public; Owner: -
--

ALTER TABLE ONLY public."UserRoles"
    ADD CONSTRAINT "FK_UserRoles_Roles_RoleId" FOREIGN KEY ("RoleId") REFERENCES public."Roles"("Id") ON DELETE CASCADE;


--
-- Name: UserRoles FK_UserRoles_Users_UserId; Type: FK CONSTRAINT; Schema: public; Owner: -
--

ALTER TABLE ONLY public."UserRoles"
    ADD CONSTRAINT "FK_UserRoles_Users_UserId" FOREIGN KEY ("UserId") REFERENCES public."Users"("Id") ON DELETE CASCADE;


--
-- Name: Users FK_Users_ProductionAreas_ProductionAreaId; Type: FK CONSTRAINT; Schema: public; Owner: -
--

ALTER TABLE ONLY public."Users"
    ADD CONSTRAINT "FK_Users_ProductionAreas_ProductionAreaId" FOREIGN KEY ("ProductionAreaId") REFERENCES public."ProductionAreas"("Id");


--
-- Name: WeldPassages FK_WeldPassages_Seams_SeamId; Type: FK CONSTRAINT; Schema: public; Owner: -
--

ALTER TABLE ONLY public."WeldPassages"
    ADD CONSTRAINT "FK_WeldPassages_Seams_SeamId" FOREIGN KEY ("SeamId") REFERENCES public."Seams"("Id") ON DELETE CASCADE;


--
-- Name: WeldPassages FK_WeldPassages_TechnologicalInstruction_TechnologicalInstruct~; Type: FK CONSTRAINT; Schema: public; Owner: -
--

ALTER TABLE ONLY public."WeldPassages"
    ADD CONSTRAINT "FK_WeldPassages_TechnologicalInstruction_TechnologicalInstruct~" FOREIGN KEY ("TechnologicalInstructionId") REFERENCES public."TechnologicalInstruction"("Id") ON DELETE CASCADE;


--
-- Name: Welders FK_Welders_Users_UserId; Type: FK CONSTRAINT; Schema: public; Owner: -
--

ALTER TABLE ONLY public."Welders"
    ADD CONSTRAINT "FK_Welders_Users_UserId" FOREIGN KEY ("UserId") REFERENCES public."Users"("Id") ON DELETE CASCADE;


--
-- Name: Welders FK_Welders_Workplaces_WorkplaceId; Type: FK CONSTRAINT; Schema: public; Owner: -
--

ALTER TABLE ONLY public."Welders"
    ADD CONSTRAINT "FK_Welders_Workplaces_WorkplaceId" FOREIGN KEY ("WorkplaceId") REFERENCES public."Workplaces"("Id");


--
-- Name: WeldingEquipmentConditionTimes FK_WeldingEquipmentConditionTimes_DowntimeReasons_DowntimeReas~; Type: FK CONSTRAINT; Schema: public; Owner: -
--

ALTER TABLE ONLY public."WeldingEquipmentConditionTimes"
    ADD CONSTRAINT "FK_WeldingEquipmentConditionTimes_DowntimeReasons_DowntimeReas~" FOREIGN KEY ("DowntimeReasonId") REFERENCES public."DowntimeReasons"("Id");


--
-- Name: WeldingEquipmentConditionTimes FK_WeldingEquipmentConditionTimes_WeldingEquipments_WeldingEqu~; Type: FK CONSTRAINT; Schema: public; Owner: -
--

ALTER TABLE ONLY public."WeldingEquipmentConditionTimes"
    ADD CONSTRAINT "FK_WeldingEquipmentConditionTimes_WeldingEquipments_WeldingEqu~" FOREIGN KEY ("WeldingEquipmentId") REFERENCES public."WeldingEquipments"("Id") ON DELETE CASCADE;


--
-- Name: WeldingEquipments FK_WeldingEquipments_Posts_PostId; Type: FK CONSTRAINT; Schema: public; Owner: -
--

ALTER TABLE ONLY public."WeldingEquipments"
    ADD CONSTRAINT "FK_WeldingEquipments_Posts_PostId" FOREIGN KEY ("PostId") REFERENCES public."Posts"("Id");


--
-- Name: WeldingEquipments FK_WeldingEquipments_Welders_WelderId; Type: FK CONSTRAINT; Schema: public; Owner: -
--

ALTER TABLE ONLY public."WeldingEquipments"
    ADD CONSTRAINT "FK_WeldingEquipments_Welders_WelderId" FOREIGN KEY ("WelderId") REFERENCES public."Welders"("Id");


--
-- Name: WeldingTasks FK_WeldingTasks_Seams_SeamId; Type: FK CONSTRAINT; Schema: public; Owner: -
--

ALTER TABLE ONLY public."WeldingTasks"
    ADD CONSTRAINT "FK_WeldingTasks_Seams_SeamId" FOREIGN KEY ("SeamId") REFERENCES public."Seams"("Id") ON DELETE CASCADE;


--
-- Name: WorkingShifts FK_WorkingShifts_Calendars_CalendarId; Type: FK CONSTRAINT; Schema: public; Owner: -
--

ALTER TABLE ONLY public."WorkingShifts"
    ADD CONSTRAINT "FK_WorkingShifts_Calendars_CalendarId" FOREIGN KEY ("CalendarId") REFERENCES public."Calendars"("Id");


--
-- Name: WorkingShifts FK_WorkingShifts_Days_DayId; Type: FK CONSTRAINT; Schema: public; Owner: -
--

ALTER TABLE ONLY public."WorkingShifts"
    ADD CONSTRAINT "FK_WorkingShifts_Days_DayId" FOREIGN KEY ("DayId") REFERENCES public."Days"("Id");


--
-- Name: Workplaces FK_Workplaces_Posts_PostId; Type: FK CONSTRAINT; Schema: public; Owner: -
--

ALTER TABLE ONLY public."Workplaces"
    ADD CONSTRAINT "FK_Workplaces_Posts_PostId" FOREIGN KEY ("PostId") REFERENCES public."Posts"("Id");


--
-- Name: Workplaces FK_Workplaces_ProductionAreas_ProductionAreaId; Type: FK CONSTRAINT; Schema: public; Owner: -
--

ALTER TABLE ONLY public."Workplaces"
    ADD CONSTRAINT "FK_Workplaces_ProductionAreas_ProductionAreaId" FOREIGN KEY ("ProductionAreaId") REFERENCES public."ProductionAreas"("Id");


--
-- PostgreSQL database dump complete
--

