--
-- PostgreSQL database dump
--

-- Dumped from database version 14.5
-- Dumped by pg_dump version 14.5

SET statement_timeout = 0;
SET lock_timeout = 0;
SET idle_in_transaction_session_timeout = 0;
SET client_encoding = 'UTF8';
SET standard_conforming_strings = on;
SELECT pg_catalog.set_config('search_path', '', false);
SET check_function_bodies = false;
SET xmloption = content;
SET client_min_messages = warning;
SET row_security = off;

SET default_tablespace = '';

SET default_table_access_method = heap;

--
-- Name: Calendars; Type: TABLE; Schema: public; Owner: -
--

CREATE TABLE public."Calendars" (
    "Id" uuid NOT NULL,
    "Year" integer NOT NULL,
    "IsMain" boolean NOT NULL,
    "WelderId" uuid,
    "WeldingEquipmentId" uuid
);


--
-- Name: Chiefs; Type: TABLE; Schema: public; Owner: -
--

CREATE TABLE public."Chiefs" (
    "Id" uuid NOT NULL,
    "UserId" uuid NOT NULL,
    "WeldingEquipmentId" uuid
);


--
-- Name: Days; Type: TABLE; Schema: public; Owner: -
--

CREATE TABLE public."Days" (
    "Id" uuid NOT NULL,
    "MonthNumber" integer NOT NULL,
    "Number" integer NOT NULL,
    "IsWorkingDay" boolean NOT NULL,
    "CalendarId" uuid NOT NULL
);


--
-- Name: DowntimeReasons; Type: TABLE; Schema: public; Owner: -
--

CREATE TABLE public."DowntimeReasons" (
    "Id" uuid NOT NULL,
    "Reason" text NOT NULL
);


--
-- Name: EventLogs; Type: TABLE; Schema: public; Owner: -
--

CREATE TABLE public."EventLogs" (
    "Id" uuid NOT NULL,
    "Information" character varying(200) NOT NULL,
    "DateTime" timestamp without time zone NOT NULL,
    "UserId" uuid
);


--
-- Name: Inspectors; Type: TABLE; Schema: public; Owner: -
--

CREATE TABLE public."Inspectors" (
    "Id" uuid NOT NULL,
    "UserId" uuid NOT NULL
);


--
-- Name: LayerInstructions; Type: TABLE; Schema: public; Owner: -
--

CREATE TABLE public."LayerInstructions" (
    "Id" uuid NOT NULL,
    "WeldingCurrentMin" double precision NOT NULL,
    "WeldingCurrentMax" double precision NOT NULL,
    "ArcVoltageMin" double precision,
    "ArcVoltageMax" double precision,
    "PreheatingTemperatureMin" double precision NOT NULL,
    "PreheatingTemperatureMax" double precision NOT NULL,
    "WeldPassageId" uuid
);


--
-- Name: Masters; Type: TABLE; Schema: public; Owner: -
--

CREATE TABLE public."Masters" (
    "Id" uuid NOT NULL,
    "UserId" uuid NOT NULL,
    "WeldingEquipmentId" uuid
);


--
-- Name: Posts; Type: TABLE; Schema: public; Owner: -
--

CREATE TABLE public."Posts" (
    "Id" uuid NOT NULL,
    "Number" integer NOT NULL,
    "Name" text NOT NULL,
    "ProductionAreaId" uuid NOT NULL
);


--
-- Name: ProductInsides; Type: TABLE; Schema: public; Owner: -
--

CREATE TABLE public."ProductInsides" (
    "MainProductId" uuid NOT NULL,
    "InsideProductId" uuid NOT NULL
);


--
-- Name: ProductionAreas; Type: TABLE; Schema: public; Owner: -
--

CREATE TABLE public."ProductionAreas" (
    "Id" uuid NOT NULL,
    "Name" text NOT NULL,
    "Number" integer NOT NULL,
    "WorkshopId" uuid NOT NULL
);


--
-- Name: Products; Type: TABLE; Schema: public; Owner: -
--

CREATE TABLE public."Products" (
    "Id" uuid NOT NULL,
    "Name" text,
    "Number" integer NOT NULL,
    "Status" integer NOT NULL,
    "IsControlSubject" boolean NOT NULL,
    "ProductType" integer NOT NULL,
    "WeldingTaskId" uuid,
    "TechnologicalProcessId" uuid,
    "ProductionAreaId" uuid,
    "WorkplaceId" uuid,
    "MasterId" uuid,
    "InspectorId" uuid
);


--
-- Name: Roles; Type: TABLE; Schema: public; Owner: -
--

CREATE TABLE public."Roles" (
    "Id" uuid NOT NULL,
    "Name" text NOT NULL
);


--
-- Name: Seams; Type: TABLE; Schema: public; Owner: -
--

CREATE TABLE public."Seams" (
    "Id" uuid NOT NULL,
    "Number" integer NOT NULL,
    "IsControlSubject" boolean NOT NULL,
    "Status" integer NOT NULL,
    "ProductId" uuid,
    "ProductionAreaId" uuid,
    "WorkplaceId" uuid,
    "WelderId" uuid,
    "InspectorId" uuid
);


--
-- Name: StatusReasons; Type: TABLE; Schema: public; Owner: -
--

CREATE TABLE public."StatusReasons" (
    "Id" uuid NOT NULL,
    "Date" timestamp without time zone NOT NULL,
    "Status" integer NOT NULL,
    "Reason" text NOT NULL,
    "ProductId" uuid,
    "SeamId" uuid
);


--
-- Name: TechnologicalInstruction; Type: TABLE; Schema: public; Owner: -
--

CREATE TABLE public."TechnologicalInstruction" (
    "Id" uuid NOT NULL,
    "Number" integer NOT NULL,
    "Name" text NOT NULL,
    "SeamId" uuid NOT NULL,
    "TechnologicalProcessId" uuid
);


--
-- Name: TechnologicalProcesses; Type: TABLE; Schema: public; Owner: -
--

CREATE TABLE public."TechnologicalProcesses" (
    "Id" uuid NOT NULL,
    "Number" integer NOT NULL,
    "Name" text NOT NULL,
    "PdmSystemFileLink" text NOT NULL
);


--
-- Name: UserRoles; Type: TABLE; Schema: public; Owner: -
--

CREATE TABLE public."UserRoles" (
    "UserId" uuid NOT NULL,
    "RoleId" uuid NOT NULL
);


--
-- Name: Users; Type: TABLE; Schema: public; Owner: -
--

CREATE TABLE public."Users" (
    "Id" uuid NOT NULL,
    "FirstName" text NOT NULL,
    "LastName" text NOT NULL,
    "MiddleName" text NOT NULL,
    "UserName" text,
    "Email" text,
    "PasswordHash" text,
    "Position" text,
    "ServiceNumber" text,
    "CertificateValidityPeriod" timestamp without time zone,
    "RfidTag" text,
    "ProductionAreaId" uuid
);


--
-- Name: WeldPassages; Type: TABLE; Schema: public; Owner: -
--

CREATE TABLE public."WeldPassages" (
    "Id" uuid NOT NULL,
    "Number" integer NOT NULL,
    "Name" text NOT NULL,
    "WeldingCurrentMin" double precision NOT NULL,
    "WeldingCurrentMax" double precision NOT NULL,
    "ArcVoltageMin" double precision,
    "ArcVoltageMax" double precision,
    "PreheatingTemperatureMin" double precision NOT NULL,
    "PreheatingTemperatureMax" double precision NOT NULL,
    "SeamId" uuid NOT NULL,
    "TechnologicalInstructionId" uuid NOT NULL
);


--
-- Name: Welders; Type: TABLE; Schema: public; Owner: -
--

CREATE TABLE public."Welders" (
    "Id" uuid NOT NULL,
    "UserId" uuid NOT NULL,
    "WorkplaceId" uuid
);


--
-- Name: WeldingEquipmentConditionTimes; Type: TABLE; Schema: public; Owner: -
--

CREATE TABLE public."WeldingEquipmentConditionTimes" (
    "Id" uuid NOT NULL,
    "Condition" integer NOT NULL,
    "Date" timestamp without time zone NOT NULL,
    "StartConditionTime" interval NOT NULL,
    "Time" integer NOT NULL,
    "WeldingEquipmentId" uuid NOT NULL,
    "DowntimeReasonId" uuid
);


--
-- Name: WeldingEquipments; Type: TABLE; Schema: public; Owner: -
--

CREATE TABLE public."WeldingEquipments" (
    "Id" uuid NOT NULL,
    "RfidTag" text NOT NULL,
    "Name" text NOT NULL,
    "Marking" text NOT NULL,
    "FactoryNumber" text NOT NULL,
    "CommissioningDate" timestamp without time zone NOT NULL,
    "CurrentCondition" integer NOT NULL,
    "Height" integer NOT NULL,
    "Width" integer NOT NULL,
    "Lenght" integer NOT NULL,
    "GroupNumber" integer NOT NULL,
    "ManufacturerName" text NOT NULL,
    "NextAttestationDate" timestamp without time zone NOT NULL,
    "WeldingProcess" text NOT NULL,
    "IdleVoltage" double precision NOT NULL,
    "WeldingCurrentMin" double precision NOT NULL,
    "WeldingCurrentMax" double precision NOT NULL,
    "ArcVoltageMin" double precision NOT NULL,
    "ArcVoltageMax" double precision NOT NULL,
    "PostId" uuid,
    "WelderId" uuid
);


--
-- Name: WeldingTasks; Type: TABLE; Schema: public; Owner: -
--

CREATE TABLE public."WeldingTasks" (
    "Id" uuid NOT NULL,
    "Number" integer NOT NULL,
    "WeldingDate" timestamp without time zone NOT NULL,
    "WeldingStartTime" timestamp without time zone,
    "WeldingEndTime" timestamp without time zone,
    "AmbientTemperature" integer NOT NULL,
    "AirHumidity" integer NOT NULL,
    "InterlayerTemperature" integer NOT NULL,
    "CurrentLayerNumber" integer NOT NULL,
    "PreheatingTemperature" integer NOT NULL,
    "DefectReasons" text,
    "DefectsDetected" text,
    "WeldingCurrentValues" double precision[],
    "ArcVoltageValues" double precision[],
    "ShortTermDeviation" double precision,
    "LongTermDeviation" double precision,
    "BasicMaterial" text NOT NULL,
    "MainMaterialBatchNumber" text NOT NULL,
    "WeldingMaterial" text NOT NULL,
    "WeldingMaterialBatchNumber" text NOT NULL,
    "ProtectiveGas" text,
    "ProtectiveGasBatchNumber" text,
    "SeamId" uuid NOT NULL
);


--
-- Name: WorkingShifts; Type: TABLE; Schema: public; Owner: -
--

CREATE TABLE public."WorkingShifts" (
    "Id" uuid NOT NULL,
    "Number" integer NOT NULL,
    "ShiftStart" interval NOT NULL,
    "ShiftEnd" interval NOT NULL,
    "BreakStart" interval,
    "BreakEnd" interval,
    "DayId" uuid,
    "CalendarId" uuid
);


--
-- Name: Workplaces; Type: TABLE; Schema: public; Owner: -
--

CREATE TABLE public."Workplaces" (
    "Id" uuid NOT NULL,
    "Number" integer NOT NULL,
    "PostId" uuid,
    "ProductionAreaId" uuid
);


--
-- Name: Workshops; Type: TABLE; Schema: public; Owner: -
--

CREATE TABLE public."Workshops" (
    "Id" uuid NOT NULL,
    "Name" text NOT NULL,
    "Number" integer NOT NULL
);


--
-- Data for Name: Calendars; Type: TABLE DATA; Schema: public; Owner: -
--

COPY public."Calendars" ("Id", "Year", "IsMain", "WelderId", "WeldingEquipmentId") FROM stdin;
\.


--
-- Data for Name: Chiefs; Type: TABLE DATA; Schema: public; Owner: -
--

COPY public."Chiefs" ("Id", "UserId", "WeldingEquipmentId") FROM stdin;
da8f734d-cea1-4f67-8e1c-ee33487561b9	9859a740-9c0c-497b-a118-74e6717e4464	\N
\.


--
-- Data for Name: Days; Type: TABLE DATA; Schema: public; Owner: -
--

COPY public."Days" ("Id", "MonthNumber", "Number", "IsWorkingDay", "CalendarId") FROM stdin;
\.


--
-- Data for Name: DowntimeReasons; Type: TABLE DATA; Schema: public; Owner: -
--

COPY public."DowntimeReasons" ("Id", "Reason") FROM stdin;
0498f3ea-a846-49dc-bc0c-7e734bf73802	Сборочные операции
261906b9-175e-4c34-849f-3bf9b4fa4648	Отсутствие материала, заготовок, деталей
2e99ab90-30f8-4475-b47b-1b999f74b41d	Нерабочее время по графику согласно сменности
33a2fee7-a937-488f-9361-5a8b1c7c7b6b	Установка, выверка, снятие детали
374fa1fe-7401-4480-9d7b-3b87f78f1675	Ознакомление с работой, документацией, инструктаж
3cfc4d00-a28a-4807-ad39-a0533d76d929	Отсутствие конструктора, технолога или ожидание его решения
4296a8dc-5f35-4a73-aa5c-3536d10de08c	Обед
4b2b0db9-5d58-4852-bdbb-7308dac96e3e	Отсутствие крана, транспорта
710e7326-70fc-46db-97e4-b76b2538302f	Неявка оператора (б/лист, отпуск, и пр.)
76c2d516-e3d9-4f94-8464-c7b9f09c1a92	Работа с управляющей программой
803b64ca-1b7c-4814-8ccb-8bd1cda2cb83	Отсутствие сотрудника ОТК
8ecf9657-04c6-44d8-a3da-c0c9ed380b06	Отсутствие заданий
9512efc3-fe2d-4642-aac1-c0b3c93c1910	Отсутствие энергоносителей
985f9226-677e-49b7-9a0e-e6c5f15524b3	Естественные надобности
a22d1933-41ff-461e-b634-898d34c99e28	Изменение режимов, смена инструмента, приспособления
a483768b-9b57-46eb-b94b-57c80bfc5e0f	Установка, выверка, снятие детали
a6384ec3-73dc-4742-b959-80c96a5ce8ae	Отсутствие оператора в связи с необеспеченностью
b5652d51-4efd-467e-bb56-083d8074ca33	Работа по карте несоответствий
bd49e4a3-e3b0-4003-9c03-276f78300b90	Переналадка оборудования, получение инструмента до начала работы, снятие/сдача по окончании работы
c1ad8c6f-be19-4d28-b661-058294adc459	Отсутствие инструмента, оснастки вспомогательного оборудования
c8e6516b-7151-4eb5-b4cb-3b6dbecd4021	Контроль на рабочем месте
c945f027-38bb-4f30-bf20-56a74f60b5bb	Плановый ремонт централизованными службами
e1dcad95-293a-45dc-91f2-c1cb2c31368c	Аварийный ремонт централизованными службами
f0b59d17-bbf6-4287-b549-f79e105c5b98	Праздники и выходные
f4527533-ed03-4523-bdaa-14d7e1ac0ce8	Уборка, осмотр оборудования, чистка/смазка оборудования
\.


--
-- Data for Name: EventLogs; Type: TABLE DATA; Schema: public; Owner: -
--

COPY public."EventLogs" ("Id", "Information", "DateTime", "UserId") FROM stdin;
\.


--
-- Data for Name: Inspectors; Type: TABLE DATA; Schema: public; Owner: -
--

COPY public."Inspectors" ("Id", "UserId") FROM stdin;
531ed168-972f-45e4-9f76-d3f5e6381eba	4cd1f11b-6273-4f8e-8e89-56e3d09a5fbc
\.


--
-- Data for Name: LayerInstructions; Type: TABLE DATA; Schema: public; Owner: -
--

COPY public."LayerInstructions" ("Id", "WeldingCurrentMin", "WeldingCurrentMax", "ArcVoltageMin", "ArcVoltageMax", "PreheatingTemperatureMin", "PreheatingTemperatureMax", "WeldPassageId") FROM stdin;
\.


--
-- Data for Name: Masters; Type: TABLE DATA; Schema: public; Owner: -
--

COPY public."Masters" ("Id", "UserId", "WeldingEquipmentId") FROM stdin;
24de0b59-8963-49d2-a2e1-9883f9d8026a	6cfeb1a0-a77d-432c-9fd5-df1f24c8cb27	b16bda0b-5d88-482f-b66d-fb5fad497f4e
\.


--
-- Data for Name: Posts; Type: TABLE DATA; Schema: public; Owner: -
--

COPY public."Posts" ("Id", "Number", "Name", "ProductionAreaId") FROM stdin;
41f70ae0-8c4d-4768-ad19-e59416608064	1	Пост 1	4832b07b-ec2d-48e2-8e51-a0b2230b80e4
b1f935d0-bba0-41a3-ac69-37467f15a681	3	Пост 3	10327471-4366-4cb7-afe4-53d2eac75856
c56ddd11-fa0f-426a-90d0-0b0b369f27de	2	Пост 2	5f75cb02-67ec-4d14-b911-637c75a7d410
\.


--
-- Data for Name: ProductInsides; Type: TABLE DATA; Schema: public; Owner: -
--

COPY public."ProductInsides" ("MainProductId", "InsideProductId") FROM stdin;
7ab85879-cc91-43bd-8d46-aea87425345c	16d0ce0e-0adf-4d5c-8622-a495cce39b2c
7ab85879-cc91-43bd-8d46-aea87425345c	4b7b85d5-fc60-42f4-8751-d3cdc1190cdc
a1525c94-8438-4bac-8b47-e833bfc0397d	755b024f-8ddd-4458-b86f-07e21a84c08a
a1525c94-8438-4bac-8b47-e833bfc0397d	fdad16ac-1a57-409a-9717-d70201c98aee
\.


--
-- Data for Name: ProductionAreas; Type: TABLE DATA; Schema: public; Owner: -
--

COPY public."ProductionAreas" ("Id", "Name", "Number", "WorkshopId") FROM stdin;
10327471-4366-4cb7-afe4-53d2eac75856	Производственный участок 3	3	c77c891d-4742-4f9c-9637-b327c0774a52
4832b07b-ec2d-48e2-8e51-a0b2230b80e4	Производственный участок 1	1	c77c891d-4742-4f9c-9637-b327c0774a52
5f75cb02-67ec-4d14-b911-637c75a7d410	Производственный участок 2	2	c77c891d-4742-4f9c-9637-b327c0774a52
\.


--
-- Data for Name: Products; Type: TABLE DATA; Schema: public; Owner: -
--

COPY public."Products" ("Id", "Name", "Number", "Status", "IsControlSubject", "ProductType", "WeldingTaskId", "TechnologicalProcessId", "ProductionAreaId", "WorkplaceId", "MasterId", "InspectorId") FROM stdin;
16d0ce0e-0adf-4d5c-8622-a495cce39b2c	Деталь 2	2	2	t	3	\N	\N	10327471-4366-4cb7-afe4-53d2eac75856	35ce0e3d-77fe-417e-a3d3-c7c1c4a015ea	24de0b59-8963-49d2-a2e1-9883f9d8026a	531ed168-972f-45e4-9f76-d3f5e6381eba
4b7b85d5-fc60-42f4-8751-d3cdc1190cdc	Узел 2	2	2	f	2	\N	\N	10327471-4366-4cb7-afe4-53d2eac75856	35ce0e3d-77fe-417e-a3d3-c7c1c4a015ea	24de0b59-8963-49d2-a2e1-9883f9d8026a	531ed168-972f-45e4-9f76-d3f5e6381eba
755b024f-8ddd-4458-b86f-07e21a84c08a	Деталь 1	1	2	f	3	\N	\N	10327471-4366-4cb7-afe4-53d2eac75856	35ce0e3d-77fe-417e-a3d3-c7c1c4a015ea	24de0b59-8963-49d2-a2e1-9883f9d8026a	531ed168-972f-45e4-9f76-d3f5e6381eba
fdad16ac-1a57-409a-9717-d70201c98aee	Узел 1	1	2	f	2	\N	\N	10327471-4366-4cb7-afe4-53d2eac75856	35ce0e3d-77fe-417e-a3d3-c7c1c4a015ea	24de0b59-8963-49d2-a2e1-9883f9d8026a	531ed168-972f-45e4-9f76-d3f5e6381eba
7ab85879-cc91-43bd-8d46-aea87425345c	Изделие 2	2	4	f	1	\N	f0259df1-81db-431e-bdb9-f93427e9206b	10327471-4366-4cb7-afe4-53d2eac75856	35ce0e3d-77fe-417e-a3d3-c7c1c4a015ea	24de0b59-8963-49d2-a2e1-9883f9d8026a	531ed168-972f-45e4-9f76-d3f5e6381eba
a1525c94-8438-4bac-8b47-e833bfc0397d	Изделие 1	1	1	t	1	\N	25662ac9-813d-43b9-b5ec-0bac83c50831	10327471-4366-4cb7-afe4-53d2eac75856	35ce0e3d-77fe-417e-a3d3-c7c1c4a015ea	24de0b59-8963-49d2-a2e1-9883f9d8026a	531ed168-972f-45e4-9f76-d3f5e6381eba
\.


--
-- Data for Name: Roles; Type: TABLE DATA; Schema: public; Owner: -
--

COPY public."Roles" ("Id", "Name") FROM stdin;
bf598897-dbee-448a-85d6-70b707d8e028	Admin
5a6e6d72-5b97-48c0-b3ad-4a99ad7e5257	Master
134ccbcc-ea46-4a6d-8d83-fbe9ca44fd7c	Executor
5bb4c3d9-dc6d-4312-8e0f-9517ad9c97b3	TechUser
ab21f183-ab9b-4caf-97b4-893a366e7079	Chief
\.


--
-- Data for Name: Seams; Type: TABLE DATA; Schema: public; Owner: -
--

COPY public."Seams" ("Id", "Number", "IsControlSubject", "Status", "ProductId", "ProductionAreaId", "WorkplaceId", "WelderId", "InspectorId") FROM stdin;
b9251ff9-a8c4-42fb-95f9-887f348e41ee	1	f	3	a1525c94-8438-4bac-8b47-e833bfc0397d	10327471-4366-4cb7-afe4-53d2eac75856	35ce0e3d-77fe-417e-a3d3-c7c1c4a015ea	a7da2961-85a3-435f-926c-f91d931ba576	531ed168-972f-45e4-9f76-d3f5e6381eba
cc41605d-1c10-493e-b8b5-a0e1a49bc1a9	2	t	2	7ab85879-cc91-43bd-8d46-aea87425345c	10327471-4366-4cb7-afe4-53d2eac75856	35ce0e3d-77fe-417e-a3d3-c7c1c4a015ea	a7da2961-85a3-435f-926c-f91d931ba576	531ed168-972f-45e4-9f76-d3f5e6381eba
\.


--
-- Data for Name: StatusReasons; Type: TABLE DATA; Schema: public; Owner: -
--

COPY public."StatusReasons" ("Id", "Date", "Status", "Reason", "ProductId", "SeamId") FROM stdin;
87a8ed6c-0abe-4bce-945a-cfbd9b0eb01e	2023-01-19 13:01:52.27711	1	Какая-то причина брака	a1525c94-8438-4bac-8b47-e833bfc0397d	\N
\.


--
-- Data for Name: TechnologicalInstruction; Type: TABLE DATA; Schema: public; Owner: -
--

COPY public."TechnologicalInstruction" ("Id", "Number", "Name", "SeamId", "TechnologicalProcessId") FROM stdin;
9ca90843-f09e-48a7-ab43-4a27c5624ae0	1	Инструкция 1	b9251ff9-a8c4-42fb-95f9-887f348e41ee	25662ac9-813d-43b9-b5ec-0bac83c50831
d03b479a-5a30-4e68-80e8-ea3a98989f4d	2	Инструкция 2	cc41605d-1c10-493e-b8b5-a0e1a49bc1a9	f0259df1-81db-431e-bdb9-f93427e9206b
\.


--
-- Data for Name: TechnologicalProcesses; Type: TABLE DATA; Schema: public; Owner: -
--

COPY public."TechnologicalProcesses" ("Id", "Number", "Name", "PdmSystemFileLink") FROM stdin;
25662ac9-813d-43b9-b5ec-0bac83c50831	1	Технологический процесс 1	Ссылка
f0259df1-81db-431e-bdb9-f93427e9206b	2	Технологический процесс 2	Ссылка
\.


--
-- Data for Name: UserRoles; Type: TABLE DATA; Schema: public; Owner: -
--

COPY public."UserRoles" ("UserId", "RoleId") FROM stdin;
9859a740-9c0c-497b-a118-74e6717e4464	ab21f183-ab9b-4caf-97b4-893a366e7079
3c4dd6a2-beea-4747-84a7-21a35c132edf	134ccbcc-ea46-4a6d-8d83-fbe9ca44fd7c
8833d585-c15c-443d-a36b-7fce9581fa1a	134ccbcc-ea46-4a6d-8d83-fbe9ca44fd7c
b7885d55-3a5c-4b63-bd0c-e6b57248fa29	134ccbcc-ea46-4a6d-8d83-fbe9ca44fd7c
6cfeb1a0-a77d-432c-9fd5-df1f24c8cb27	5a6e6d72-5b97-48c0-b3ad-4a99ad7e5257
4cd1f11b-6273-4f8e-8e89-56e3d09a5fbc	5bb4c3d9-dc6d-4312-8e0f-9517ad9c97b3
9241a832-1b56-48f4-b162-bc90fffbd378	bf598897-dbee-448a-85d6-70b707d8e028
\.


--
-- Data for Name: Users; Type: TABLE DATA; Schema: public; Owner: -
--

COPY public."Users" ("Id", "FirstName", "LastName", "MiddleName", "UserName", "Email", "PasswordHash", "Position", "ServiceNumber", "CertificateValidityPeriod", "RfidTag", "ProductionAreaId") FROM stdin;
9859a740-9c0c-497b-a118-74e6717e4464	Имя начальника цеха	Отчество начальника цеха	Фамилия начальника цеха	UserName	Email	PasswordHash	Должность 1	Табельный номер  1	2025-02-02 00:00:00	RFID метка начальника цеха 1	10327471-4366-4cb7-afe4-53d2eac75856
3c4dd6a2-beea-4747-84a7-21a35c132edf	Имя 1	Отчество 1	Фамилия 1	UserName	Email	PasswordHash	Должность 1	Табельный номер  1	2025-02-02 00:00:00	RFID метка сварщика 1	10327471-4366-4cb7-afe4-53d2eac75856
8833d585-c15c-443d-a36b-7fce9581fa1a	Имя 3	Отчество 3	Фамилия 3	UserName	Email	PasswordHash	Должность 3	Табельный номер 3	2025-03-03 00:00:00	RFID метка сварщика 3	5f75cb02-67ec-4d14-b911-637c75a7d410
b7885d55-3a5c-4b63-bd0c-e6b57248fa29	Имя 2	Отчество 2	Фамилия 2	UserName	Email	PasswordHash	Должность 2	Табельный номер  2	2025-01-01 00:00:00	RFID метка сварщика 2	4832b07b-ec2d-48e2-8e51-a0b2230b80e4
6cfeb1a0-a77d-432c-9fd5-df1f24c8cb27	Имя мастера	Отчество мастера	Фамилия мастера	UserName	Email	PasswordHash	Должность 1	Табельный номер  1	2025-02-02 00:00:00	RFID метка проверяющего 1	10327471-4366-4cb7-afe4-53d2eac75856
4cd1f11b-6273-4f8e-8e89-56e3d09a5fbc	Имя Контролера	Имя Контролера	Имя Контролера	UserName	Email	PasswordHash	Должность 1	Табельный номер  1	2025-02-02 00:00:00	RFID метка проверяющего 1	10327471-4366-4cb7-afe4-53d2eac75856
9241a832-1b56-48f4-b162-bc90fffbd378	Admin	Adminovich	Admin	admin1@admin.com	admin@admin.com	$MYHASH$V1$10000$wdVvimms/2lGhpAEi1hjubhwA7+JXYmWoK9O4OMk1NQtGoko	\N	\N	\N	\N	\N
\.


--
-- Data for Name: WeldPassages; Type: TABLE DATA; Schema: public; Owner: -
--

COPY public."WeldPassages" ("Id", "Number", "Name", "WeldingCurrentMin", "WeldingCurrentMax", "ArcVoltageMin", "ArcVoltageMax", "PreheatingTemperatureMin", "PreheatingTemperatureMax", "SeamId", "TechnologicalInstructionId") FROM stdin;
8771920e-692c-4bcc-bc41-deacf1eacb92	2	Заполняющий	1	100	5	50	10	60	cc41605d-1c10-493e-b8b5-a0e1a49bc1a9	d03b479a-5a30-4e68-80e8-ea3a98989f4d
d79adfd3-8874-49f3-984c-780884ec461b	1	Корневой	1	100	5	50	10	60	b9251ff9-a8c4-42fb-95f9-887f348e41ee	9ca90843-f09e-48a7-ab43-4a27c5624ae0
\.


--
-- Data for Name: Welders; Type: TABLE DATA; Schema: public; Owner: -
--

COPY public."Welders" ("Id", "UserId", "WorkplaceId") FROM stdin;
1fb81f93-5ecb-4503-8c66-f8e8a2fec5d8	3c4dd6a2-beea-4747-84a7-21a35c132edf	\N
a7da2961-85a3-435f-926c-f91d931ba576	b7885d55-3a5c-4b63-bd0c-e6b57248fa29	65d0c6fe-927c-4121-b349-83f9806efd29
a7e283e6-a3c8-4625-8067-45b5ddb5a696	8833d585-c15c-443d-a36b-7fce9581fa1a	b3211cfa-741c-4bb5-93ae-4ff992174432
\.


--
-- Data for Name: WeldingEquipmentConditionTimes; Type: TABLE DATA; Schema: public; Owner: -
--

COPY public."WeldingEquipmentConditionTimes" ("Id", "Condition", "Date", "StartConditionTime", "Time", "WeldingEquipmentId", "DowntimeReasonId") FROM stdin;
04608d16-d5f4-42bb-9b63-295b563ee51b	4	2023-01-19 00:00:00	19:30:00	10	b16bda0b-5d88-482f-b66d-fb5fad497f4e	261906b9-175e-4c34-849f-3bf9b4fa4648
1d1bed4e-9965-4ae7-8b81-de02246977c8	3	2023-01-19 00:00:00	00:00:00	30	b16bda0b-5d88-482f-b66d-fb5fad497f4e	\N
50d8ff09-bee1-47d5-afeb-72b89469a4ff	3	2023-01-19 00:00:00	00:00:00	60	b16bda0b-5d88-482f-b66d-fb5fad497f4e	\N
a3f7a334-9c49-4ff7-9ec7-eae5872f51db	3	2023-01-19 00:00:00	00:00:00	60	c41f23c9-cde8-4394-9daf-e4249606caf8	\N
a8004fb8-b345-403d-9c61-d590b4ffb8ef	3	2023-01-19 00:00:00	00:00:00	60	fc22fdfb-7697-4bb1-aed8-cf5706099ec7	\N
b0a450ad-453a-42ff-9e0b-c72d24ebc9ab	4	2023-01-19 00:00:00	12:50:00	60	c41f23c9-cde8-4394-9daf-e4249606caf8	2e99ab90-30f8-4475-b47b-1b999f74b41d
eabc56db-6b04-4fe0-8518-a2be1d6fd25f	4	2023-01-19 00:00:00	09:30:00	30	b16bda0b-5d88-482f-b66d-fb5fad497f4e	0498f3ea-a846-49dc-bc0c-7e734bf73802
\.


--
-- Data for Name: WeldingEquipments; Type: TABLE DATA; Schema: public; Owner: -
--

COPY public."WeldingEquipments" ("Id", "RfidTag", "Name", "Marking", "FactoryNumber", "CommissioningDate", "CurrentCondition", "Height", "Width", "Lenght", "GroupNumber", "ManufacturerName", "NextAttestationDate", "WeldingProcess", "IdleVoltage", "WeldingCurrentMin", "WeldingCurrentMax", "ArcVoltageMin", "ArcVoltageMax", "PostId", "WelderId") FROM stdin;
b16bda0b-5d88-482f-b66d-fb5fad497f4e	RFID метка 1	Какое-то оборудование 1	Маркировка 1	12	2020-01-23 00:00:00	2	20	30	40	3	Изготовитель 1	2023-02-05 00:00:00	Способ сварки 1	12.3	5.5	10.9	6.1	7.9	41f70ae0-8c4d-4768-ad19-e59416608064	1fb81f93-5ecb-4503-8c66-f8e8a2fec5d8
c41f23c9-cde8-4394-9daf-e4249606caf8	RFID метка 3	Какое-то оборудование 3	Маркировка 3	32	2022-02-23 00:00:00	3	20	30	40	3	Изготовитель 3	2024-02-05 00:00:00	Способ сварки 3	12.3	5.5	10.9	6.1	7.9	\N	a7e283e6-a3c8-4625-8067-45b5ddb5a696
fc22fdfb-7697-4bb1-aed8-cf5706099ec7	RFID метка 2	Какое-то оборудование 2	Маркировка 2	22	2021-02-23 00:00:00	1	20	30	40	3	Изготовитель 2	2023-02-05 00:00:00	Способ сварки 2	12.3	5.5	10.9	6.1	7.9	41f70ae0-8c4d-4768-ad19-e59416608064	a7da2961-85a3-435f-926c-f91d931ba576
\.


--
-- Data for Name: WeldingTasks; Type: TABLE DATA; Schema: public; Owner: -
--

COPY public."WeldingTasks" ("Id", "Number", "WeldingDate", "WeldingStartTime", "WeldingEndTime", "AmbientTemperature", "AirHumidity", "InterlayerTemperature", "CurrentLayerNumber", "PreheatingTemperature", "DefectReasons", "DefectsDetected", "WeldingCurrentValues", "ArcVoltageValues", "ShortTermDeviation", "LongTermDeviation", "BasicMaterial", "MainMaterialBatchNumber", "WeldingMaterial", "WeldingMaterialBatchNumber", "ProtectiveGas", "ProtectiveGasBatchNumber", "SeamId") FROM stdin;
606f2fe1-0f0d-4ef8-8d66-3b6a281b9c7d	2	2022-01-01 00:00:00	2022-01-03 00:00:00	\N	320	1	220	12	2	\N	\N	{1.2,2.3,6.8}	{11.2,2.33,26.8}	\N	\N	Основной материал	№ сертификата	варочные материалы	№ сертификата	\N	\N	b9251ff9-a8c4-42fb-95f9-887f348e41ee
df5c05f5-c676-4a46-b8bb-b2fd9327a76b	1	2022-01-01 00:00:00	2022-01-03 00:00:00	\N	300	1	200	81	150	\N	\N	{1.2,2.3,6.8}	{11.2,2.33,26.8}	\N	\N	Основной материал	№ сертификата	варочные материалы	№ сертификата	\N	\N	cc41605d-1c10-493e-b8b5-a0e1a49bc1a9
\.


--
-- Data for Name: WorkingShifts; Type: TABLE DATA; Schema: public; Owner: -
--

COPY public."WorkingShifts" ("Id", "Number", "ShiftStart", "ShiftEnd", "BreakStart", "BreakEnd", "DayId", "CalendarId") FROM stdin;
\.


--
-- Data for Name: Workplaces; Type: TABLE DATA; Schema: public; Owner: -
--

COPY public."Workplaces" ("Id", "Number", "PostId", "ProductionAreaId") FROM stdin;
35ce0e3d-77fe-417e-a3d3-c7c1c4a015ea	2	\N	5f75cb02-67ec-4d14-b911-637c75a7d410
65d0c6fe-927c-4121-b349-83f9806efd29	1	\N	4832b07b-ec2d-48e2-8e51-a0b2230b80e4
b3211cfa-741c-4bb5-93ae-4ff992174432	3	\N	10327471-4366-4cb7-afe4-53d2eac75856
\.


--
-- Data for Name: Workshops; Type: TABLE DATA; Schema: public; Owner: -
--

COPY public."Workshops" ("Id", "Name", "Number") FROM stdin;
c77c891d-4742-4f9c-9637-b327c0774a52	Цех	1
\.


--
-- Name: Calendars PK_Calendars; Type: CONSTRAINT; Schema: public; Owner: -
--

ALTER TABLE ONLY public."Calendars"
    ADD CONSTRAINT "PK_Calendars" PRIMARY KEY ("Id");


--
-- Name: Chiefs PK_Chiefs; Type: CONSTRAINT; Schema: public; Owner: -
--

ALTER TABLE ONLY public."Chiefs"
    ADD CONSTRAINT "PK_Chiefs" PRIMARY KEY ("Id");


--
-- Name: Days PK_Days; Type: CONSTRAINT; Schema: public; Owner: -
--

ALTER TABLE ONLY public."Days"
    ADD CONSTRAINT "PK_Days" PRIMARY KEY ("Id");


--
-- Name: DowntimeReasons PK_DowntimeReasons; Type: CONSTRAINT; Schema: public; Owner: -
--

ALTER TABLE ONLY public."DowntimeReasons"
    ADD CONSTRAINT "PK_DowntimeReasons" PRIMARY KEY ("Id");


--
-- Name: EventLogs PK_EventLogs; Type: CONSTRAINT; Schema: public; Owner: -
--

ALTER TABLE ONLY public."EventLogs"
    ADD CONSTRAINT "PK_EventLogs" PRIMARY KEY ("Id");


--
-- Name: Inspectors PK_Inspectors; Type: CONSTRAINT; Schema: public; Owner: -
--

ALTER TABLE ONLY public."Inspectors"
    ADD CONSTRAINT "PK_Inspectors" PRIMARY KEY ("Id");


--
-- Name: LayerInstructions PK_LayerInstructions; Type: CONSTRAINT; Schema: public; Owner: -
--

ALTER TABLE ONLY public."LayerInstructions"
    ADD CONSTRAINT "PK_LayerInstructions" PRIMARY KEY ("Id");


--
-- Name: Masters PK_Masters; Type: CONSTRAINT; Schema: public; Owner: -
--

ALTER TABLE ONLY public."Masters"
    ADD CONSTRAINT "PK_Masters" PRIMARY KEY ("Id");


--
-- Name: Posts PK_Posts; Type: CONSTRAINT; Schema: public; Owner: -
--

ALTER TABLE ONLY public."Posts"
    ADD CONSTRAINT "PK_Posts" PRIMARY KEY ("Id");


--
-- Name: ProductInsides PK_ProductInsides; Type: CONSTRAINT; Schema: public; Owner: -
--

ALTER TABLE ONLY public."ProductInsides"
    ADD CONSTRAINT "PK_ProductInsides" PRIMARY KEY ("InsideProductId", "MainProductId");


--
-- Name: ProductionAreas PK_ProductionAreas; Type: CONSTRAINT; Schema: public; Owner: -
--

ALTER TABLE ONLY public."ProductionAreas"
    ADD CONSTRAINT "PK_ProductionAreas" PRIMARY KEY ("Id");


--
-- Name: Products PK_Products; Type: CONSTRAINT; Schema: public; Owner: -
--

ALTER TABLE ONLY public."Products"
    ADD CONSTRAINT "PK_Products" PRIMARY KEY ("Id");


--
-- Name: Roles PK_Roles; Type: CONSTRAINT; Schema: public; Owner: -
--

ALTER TABLE ONLY public."Roles"
    ADD CONSTRAINT "PK_Roles" PRIMARY KEY ("Id");


--
-- Name: Seams PK_Seams; Type: CONSTRAINT; Schema: public; Owner: -
--

ALTER TABLE ONLY public."Seams"
    ADD CONSTRAINT "PK_Seams" PRIMARY KEY ("Id");


--
-- Name: StatusReasons PK_StatusReasons; Type: CONSTRAINT; Schema: public; Owner: -
--

ALTER TABLE ONLY public."StatusReasons"
    ADD CONSTRAINT "PK_StatusReasons" PRIMARY KEY ("Id");


--
-- Name: TechnologicalInstruction PK_TechnologicalInstruction; Type: CONSTRAINT; Schema: public; Owner: -
--

ALTER TABLE ONLY public."TechnologicalInstruction"
    ADD CONSTRAINT "PK_TechnologicalInstruction" PRIMARY KEY ("Id");


--
-- Name: TechnologicalProcesses PK_TechnologicalProcesses; Type: CONSTRAINT; Schema: public; Owner: -
--

ALTER TABLE ONLY public."TechnologicalProcesses"
    ADD CONSTRAINT "PK_TechnologicalProcesses" PRIMARY KEY ("Id");


--
-- Name: UserRoles PK_UserRoles; Type: CONSTRAINT; Schema: public; Owner: -
--

ALTER TABLE ONLY public."UserRoles"
    ADD CONSTRAINT "PK_UserRoles" PRIMARY KEY ("RoleId", "UserId");


--
-- Name: Users PK_Users; Type: CONSTRAINT; Schema: public; Owner: -
--

ALTER TABLE ONLY public."Users"
    ADD CONSTRAINT "PK_Users" PRIMARY KEY ("Id");


--
-- Name: WeldPassages PK_WeldPassages; Type: CONSTRAINT; Schema: public; Owner: -
--

ALTER TABLE ONLY public."WeldPassages"
    ADD CONSTRAINT "PK_WeldPassages" PRIMARY KEY ("Id");


--
-- Name: Welders PK_Welders; Type: CONSTRAINT; Schema: public; Owner: -
--

ALTER TABLE ONLY public."Welders"
    ADD CONSTRAINT "PK_Welders" PRIMARY KEY ("Id");


--
-- Name: WeldingEquipmentConditionTimes PK_WeldingEquipmentConditionTimes; Type: CONSTRAINT; Schema: public; Owner: -
--

ALTER TABLE ONLY public."WeldingEquipmentConditionTimes"
    ADD CONSTRAINT "PK_WeldingEquipmentConditionTimes" PRIMARY KEY ("Id");


--
-- Name: WeldingEquipments PK_WeldingEquipments; Type: CONSTRAINT; Schema: public; Owner: -
--

ALTER TABLE ONLY public."WeldingEquipments"
    ADD CONSTRAINT "PK_WeldingEquipments" PRIMARY KEY ("Id");


--
-- Name: WeldingTasks PK_WeldingTasks; Type: CONSTRAINT; Schema: public; Owner: -
--

ALTER TABLE ONLY public."WeldingTasks"
    ADD CONSTRAINT "PK_WeldingTasks" PRIMARY KEY ("Id");


--
-- Name: WorkingShifts PK_WorkingShifts; Type: CONSTRAINT; Schema: public; Owner: -
--

ALTER TABLE ONLY public."WorkingShifts"
    ADD CONSTRAINT "PK_WorkingShifts" PRIMARY KEY ("Id");


--
-- Name: Workplaces PK_Workplaces; Type: CONSTRAINT; Schema: public; Owner: -
--

ALTER TABLE ONLY public."Workplaces"
    ADD CONSTRAINT "PK_Workplaces" PRIMARY KEY ("Id");


--
-- Name: Workshops PK_Workshops; Type: CONSTRAINT; Schema: public; Owner: -
--

ALTER TABLE ONLY public."Workshops"
    ADD CONSTRAINT "PK_Workshops" PRIMARY KEY ("Id");


--
-- Name: IX_Calendars_WelderId; Type: INDEX; Schema: public; Owner: -
--

CREATE INDEX "IX_Calendars_WelderId" ON public."Calendars" USING btree ("WelderId");


--
-- Name: IX_Calendars_WeldingEquipmentId; Type: INDEX; Schema: public; Owner: -
--

CREATE INDEX "IX_Calendars_WeldingEquipmentId" ON public."Calendars" USING btree ("WeldingEquipmentId");


--
-- Name: IX_Chiefs_UserId; Type: INDEX; Schema: public; Owner: -
--

CREATE INDEX "IX_Chiefs_UserId" ON public."Chiefs" USING btree ("UserId");


--
-- Name: IX_Chiefs_WeldingEquipmentId; Type: INDEX; Schema: public; Owner: -
--

CREATE UNIQUE INDEX "IX_Chiefs_WeldingEquipmentId" ON public."Chiefs" USING btree ("WeldingEquipmentId");


--
-- Name: IX_Days_CalendarId; Type: INDEX; Schema: public; Owner: -
--

CREATE INDEX "IX_Days_CalendarId" ON public."Days" USING btree ("CalendarId");


--
-- Name: IX_EventLogs_UserId; Type: INDEX; Schema: public; Owner: -
--

CREATE INDEX "IX_EventLogs_UserId" ON public."EventLogs" USING btree ("UserId");


--
-- Name: IX_Inspectors_UserId; Type: INDEX; Schema: public; Owner: -
--

CREATE INDEX "IX_Inspectors_UserId" ON public."Inspectors" USING btree ("UserId");


--
-- Name: IX_LayerInstructions_WeldPassageId; Type: INDEX; Schema: public; Owner: -
--

CREATE INDEX "IX_LayerInstructions_WeldPassageId" ON public."LayerInstructions" USING btree ("WeldPassageId");


--
-- Name: IX_Masters_UserId; Type: INDEX; Schema: public; Owner: -
--

CREATE INDEX "IX_Masters_UserId" ON public."Masters" USING btree ("UserId");


--
-- Name: IX_Masters_WeldingEquipmentId; Type: INDEX; Schema: public; Owner: -
--

CREATE UNIQUE INDEX "IX_Masters_WeldingEquipmentId" ON public."Masters" USING btree ("WeldingEquipmentId");


--
-- Name: IX_Posts_ProductionAreaId; Type: INDEX; Schema: public; Owner: -
--

CREATE INDEX "IX_Posts_ProductionAreaId" ON public."Posts" USING btree ("ProductionAreaId");


--
-- Name: IX_ProductInsides_MainProductId; Type: INDEX; Schema: public; Owner: -
--

CREATE INDEX "IX_ProductInsides_MainProductId" ON public."ProductInsides" USING btree ("MainProductId");


--
-- Name: IX_ProductionAreas_WorkshopId; Type: INDEX; Schema: public; Owner: -
--

CREATE INDEX "IX_ProductionAreas_WorkshopId" ON public."ProductionAreas" USING btree ("WorkshopId");


--
-- Name: IX_Products_InspectorId; Type: INDEX; Schema: public; Owner: -
--

CREATE INDEX "IX_Products_InspectorId" ON public."Products" USING btree ("InspectorId");


--
-- Name: IX_Products_MasterId; Type: INDEX; Schema: public; Owner: -
--

CREATE INDEX "IX_Products_MasterId" ON public."Products" USING btree ("MasterId");


--
-- Name: IX_Products_ProductionAreaId; Type: INDEX; Schema: public; Owner: -
--

CREATE INDEX "IX_Products_ProductionAreaId" ON public."Products" USING btree ("ProductionAreaId");


--
-- Name: IX_Products_TechnologicalProcessId; Type: INDEX; Schema: public; Owner: -
--

CREATE INDEX "IX_Products_TechnologicalProcessId" ON public."Products" USING btree ("TechnologicalProcessId");


--
-- Name: IX_Products_WeldingTaskId; Type: INDEX; Schema: public; Owner: -
--

CREATE INDEX "IX_Products_WeldingTaskId" ON public."Products" USING btree ("WeldingTaskId");


--
-- Name: IX_Products_WorkplaceId; Type: INDEX; Schema: public; Owner: -
--

CREATE INDEX "IX_Products_WorkplaceId" ON public."Products" USING btree ("WorkplaceId");


--
-- Name: IX_Seams_InspectorId; Type: INDEX; Schema: public; Owner: -
--

CREATE INDEX "IX_Seams_InspectorId" ON public."Seams" USING btree ("InspectorId");


--
-- Name: IX_Seams_ProductId; Type: INDEX; Schema: public; Owner: -
--

CREATE INDEX "IX_Seams_ProductId" ON public."Seams" USING btree ("ProductId");


--
-- Name: IX_Seams_ProductionAreaId; Type: INDEX; Schema: public; Owner: -
--

CREATE INDEX "IX_Seams_ProductionAreaId" ON public."Seams" USING btree ("ProductionAreaId");


--
-- Name: IX_Seams_WelderId; Type: INDEX; Schema: public; Owner: -
--

CREATE INDEX "IX_Seams_WelderId" ON public."Seams" USING btree ("WelderId");


--
-- Name: IX_Seams_WorkplaceId; Type: INDEX; Schema: public; Owner: -
--

CREATE INDEX "IX_Seams_WorkplaceId" ON public."Seams" USING btree ("WorkplaceId");


--
-- Name: IX_StatusReasons_ProductId; Type: INDEX; Schema: public; Owner: -
--

CREATE INDEX "IX_StatusReasons_ProductId" ON public."StatusReasons" USING btree ("ProductId");


--
-- Name: IX_StatusReasons_SeamId; Type: INDEX; Schema: public; Owner: -
--

CREATE INDEX "IX_StatusReasons_SeamId" ON public."StatusReasons" USING btree ("SeamId");


--
-- Name: IX_TechnologicalInstruction_SeamId; Type: INDEX; Schema: public; Owner: -
--

CREATE UNIQUE INDEX "IX_TechnologicalInstruction_SeamId" ON public."TechnologicalInstruction" USING btree ("SeamId");


--
-- Name: IX_TechnologicalInstruction_TechnologicalProcessId; Type: INDEX; Schema: public; Owner: -
--

CREATE INDEX "IX_TechnologicalInstruction_TechnologicalProcessId" ON public."TechnologicalInstruction" USING btree ("TechnologicalProcessId");


--
-- Name: IX_UserRoles_UserId; Type: INDEX; Schema: public; Owner: -
--

CREATE INDEX "IX_UserRoles_UserId" ON public."UserRoles" USING btree ("UserId");


--
-- Name: IX_Users_ProductionAreaId; Type: INDEX; Schema: public; Owner: -
--

CREATE INDEX "IX_Users_ProductionAreaId" ON public."Users" USING btree ("ProductionAreaId");


--
-- Name: IX_WeldPassages_SeamId; Type: INDEX; Schema: public; Owner: -
--

CREATE INDEX "IX_WeldPassages_SeamId" ON public."WeldPassages" USING btree ("SeamId");


--
-- Name: IX_WeldPassages_TechnologicalInstructionId; Type: INDEX; Schema: public; Owner: -
--

CREATE INDEX "IX_WeldPassages_TechnologicalInstructionId" ON public."WeldPassages" USING btree ("TechnologicalInstructionId");


--
-- Name: IX_Welders_UserId; Type: INDEX; Schema: public; Owner: -
--

CREATE INDEX "IX_Welders_UserId" ON public."Welders" USING btree ("UserId");


--
-- Name: IX_Welders_WorkplaceId; Type: INDEX; Schema: public; Owner: -
--

CREATE INDEX "IX_Welders_WorkplaceId" ON public."Welders" USING btree ("WorkplaceId");


--
-- Name: IX_WeldingEquipmentConditionTimes_DowntimeReasonId; Type: INDEX; Schema: public; Owner: -
--

CREATE INDEX "IX_WeldingEquipmentConditionTimes_DowntimeReasonId" ON public."WeldingEquipmentConditionTimes" USING btree ("DowntimeReasonId");


--
-- Name: IX_WeldingEquipmentConditionTimes_WeldingEquipmentId; Type: INDEX; Schema: public; Owner: -
--

CREATE INDEX "IX_WeldingEquipmentConditionTimes_WeldingEquipmentId" ON public."WeldingEquipmentConditionTimes" USING btree ("WeldingEquipmentId");


--
-- Name: IX_WeldingEquipments_PostId; Type: INDEX; Schema: public; Owner: -
--

CREATE INDEX "IX_WeldingEquipments_PostId" ON public."WeldingEquipments" USING btree ("PostId");


--
-- Name: IX_WeldingEquipments_WelderId; Type: INDEX; Schema: public; Owner: -
--

CREATE INDEX "IX_WeldingEquipments_WelderId" ON public."WeldingEquipments" USING btree ("WelderId");


--
-- Name: IX_WeldingTasks_SeamId; Type: INDEX; Schema: public; Owner: -
--

CREATE UNIQUE INDEX "IX_WeldingTasks_SeamId" ON public."WeldingTasks" USING btree ("SeamId");


--
-- Name: IX_WorkingShifts_CalendarId; Type: INDEX; Schema: public; Owner: -
--

CREATE INDEX "IX_WorkingShifts_CalendarId" ON public."WorkingShifts" USING btree ("CalendarId");


--
-- Name: IX_WorkingShifts_DayId; Type: INDEX; Schema: public; Owner: -
--

CREATE INDEX "IX_WorkingShifts_DayId" ON public."WorkingShifts" USING btree ("DayId");


--
-- Name: IX_Workplaces_PostId; Type: INDEX; Schema: public; Owner: -
--

CREATE INDEX "IX_Workplaces_PostId" ON public."Workplaces" USING btree ("PostId");


--
-- Name: IX_Workplaces_ProductionAreaId; Type: INDEX; Schema: public; Owner: -
--

CREATE INDEX "IX_Workplaces_ProductionAreaId" ON public."Workplaces" USING btree ("ProductionAreaId");


--
-- Name: Calendars FK_Calendars_Welders_WelderId; Type: FK CONSTRAINT; Schema: public; Owner: -
--

ALTER TABLE ONLY public."Calendars"
    ADD CONSTRAINT "FK_Calendars_Welders_WelderId" FOREIGN KEY ("WelderId") REFERENCES public."Welders"("Id");


--
-- Name: Calendars FK_Calendars_WeldingEquipments_WeldingEquipmentId; Type: FK CONSTRAINT; Schema: public; Owner: -
--

ALTER TABLE ONLY public."Calendars"
    ADD CONSTRAINT "FK_Calendars_WeldingEquipments_WeldingEquipmentId" FOREIGN KEY ("WeldingEquipmentId") REFERENCES public."WeldingEquipments"("Id");


--
-- Name: Chiefs FK_Chiefs_Users_UserId; Type: FK CONSTRAINT; Schema: public; Owner: -
--

ALTER TABLE ONLY public."Chiefs"
    ADD CONSTRAINT "FK_Chiefs_Users_UserId" FOREIGN KEY ("UserId") REFERENCES public."Users"("Id") ON DELETE CASCADE;


--
-- Name: Chiefs FK_Chiefs_WeldingEquipments_WeldingEquipmentId; Type: FK CONSTRAINT; Schema: public; Owner: -
--

ALTER TABLE ONLY public."Chiefs"
    ADD CONSTRAINT "FK_Chiefs_WeldingEquipments_WeldingEquipmentId" FOREIGN KEY ("WeldingEquipmentId") REFERENCES public."WeldingEquipments"("Id");


--
-- Name: Days FK_Days_Calendars_CalendarId; Type: FK CONSTRAINT; Schema: public; Owner: -
--

ALTER TABLE ONLY public."Days"
    ADD CONSTRAINT "FK_Days_Calendars_CalendarId" FOREIGN KEY ("CalendarId") REFERENCES public."Calendars"("Id") ON DELETE CASCADE;


--
-- Name: EventLogs FK_EventLogs_Users_UserId; Type: FK CONSTRAINT; Schema: public; Owner: -
--

ALTER TABLE ONLY public."EventLogs"
    ADD CONSTRAINT "FK_EventLogs_Users_UserId" FOREIGN KEY ("UserId") REFERENCES public."Users"("Id");


--
-- Name: Inspectors FK_Inspectors_Users_UserId; Type: FK CONSTRAINT; Schema: public; Owner: -
--

ALTER TABLE ONLY public."Inspectors"
    ADD CONSTRAINT "FK_Inspectors_Users_UserId" FOREIGN KEY ("UserId") REFERENCES public."Users"("Id") ON DELETE CASCADE;


--
-- Name: LayerInstructions FK_LayerInstructions_WeldPassages_WeldPassageId; Type: FK CONSTRAINT; Schema: public; Owner: -
--

ALTER TABLE ONLY public."LayerInstructions"
    ADD CONSTRAINT "FK_LayerInstructions_WeldPassages_WeldPassageId" FOREIGN KEY ("WeldPassageId") REFERENCES public."WeldPassages"("Id");


--
-- Name: Masters FK_Masters_Users_UserId; Type: FK CONSTRAINT; Schema: public; Owner: -
--

ALTER TABLE ONLY public."Masters"
    ADD CONSTRAINT "FK_Masters_Users_UserId" FOREIGN KEY ("UserId") REFERENCES public."Users"("Id") ON DELETE CASCADE;


--
-- Name: Masters FK_Masters_WeldingEquipments_WeldingEquipmentId; Type: FK CONSTRAINT; Schema: public; Owner: -
--

ALTER TABLE ONLY public."Masters"
    ADD CONSTRAINT "FK_Masters_WeldingEquipments_WeldingEquipmentId" FOREIGN KEY ("WeldingEquipmentId") REFERENCES public."WeldingEquipments"("Id");


--
-- Name: Posts FK_Posts_ProductionAreas_ProductionAreaId; Type: FK CONSTRAINT; Schema: public; Owner: -
--

ALTER TABLE ONLY public."Posts"
    ADD CONSTRAINT "FK_Posts_ProductionAreas_ProductionAreaId" FOREIGN KEY ("ProductionAreaId") REFERENCES public."ProductionAreas"("Id") ON DELETE CASCADE;


--
-- Name: ProductInsides FK_ProductInsides_Products_InsideProductId; Type: FK CONSTRAINT; Schema: public; Owner: -
--

ALTER TABLE ONLY public."ProductInsides"
    ADD CONSTRAINT "FK_ProductInsides_Products_InsideProductId" FOREIGN KEY ("InsideProductId") REFERENCES public."Products"("Id") ON DELETE RESTRICT;


--
-- Name: ProductInsides FK_ProductInsides_Products_MainProductId; Type: FK CONSTRAINT; Schema: public; Owner: -
--

ALTER TABLE ONLY public."ProductInsides"
    ADD CONSTRAINT "FK_ProductInsides_Products_MainProductId" FOREIGN KEY ("MainProductId") REFERENCES public."Products"("Id") ON DELETE CASCADE;


--
-- Name: ProductionAreas FK_ProductionAreas_Workshops_WorkshopId; Type: FK CONSTRAINT; Schema: public; Owner: -
--

ALTER TABLE ONLY public."ProductionAreas"
    ADD CONSTRAINT "FK_ProductionAreas_Workshops_WorkshopId" FOREIGN KEY ("WorkshopId") REFERENCES public."Workshops"("Id") ON DELETE CASCADE;


--
-- Name: Products FK_Products_Inspectors_InspectorId; Type: FK CONSTRAINT; Schema: public; Owner: -
--

ALTER TABLE ONLY public."Products"
    ADD CONSTRAINT "FK_Products_Inspectors_InspectorId" FOREIGN KEY ("InspectorId") REFERENCES public."Inspectors"("Id");


--
-- Name: Products FK_Products_Masters_MasterId; Type: FK CONSTRAINT; Schema: public; Owner: -
--

ALTER TABLE ONLY public."Products"
    ADD CONSTRAINT "FK_Products_Masters_MasterId" FOREIGN KEY ("MasterId") REFERENCES public."Masters"("Id");


--
-- Name: Products FK_Products_ProductionAreas_ProductionAreaId; Type: FK CONSTRAINT; Schema: public; Owner: -
--

ALTER TABLE ONLY public."Products"
    ADD CONSTRAINT "FK_Products_ProductionAreas_ProductionAreaId" FOREIGN KEY ("ProductionAreaId") REFERENCES public."ProductionAreas"("Id");


--
-- Name: Products FK_Products_TechnologicalProcesses_TechnologicalProcessId; Type: FK CONSTRAINT; Schema: public; Owner: -
--

ALTER TABLE ONLY public."Products"
    ADD CONSTRAINT "FK_Products_TechnologicalProcesses_TechnologicalProcessId" FOREIGN KEY ("TechnologicalProcessId") REFERENCES public."TechnologicalProcesses"("Id");


--
-- Name: Products FK_Products_WeldingTasks_WeldingTaskId; Type: FK CONSTRAINT; Schema: public; Owner: -
--

ALTER TABLE ONLY public."Products"
    ADD CONSTRAINT "FK_Products_WeldingTasks_WeldingTaskId" FOREIGN KEY ("WeldingTaskId") REFERENCES public."WeldingTasks"("Id");


--
-- Name: Products FK_Products_Workplaces_WorkplaceId; Type: FK CONSTRAINT; Schema: public; Owner: -
--

ALTER TABLE ONLY public."Products"
    ADD CONSTRAINT "FK_Products_Workplaces_WorkplaceId" FOREIGN KEY ("WorkplaceId") REFERENCES public."Workplaces"("Id");


--
-- Name: Seams FK_Seams_Inspectors_InspectorId; Type: FK CONSTRAINT; Schema: public; Owner: -
--

ALTER TABLE ONLY public."Seams"
    ADD CONSTRAINT "FK_Seams_Inspectors_InspectorId" FOREIGN KEY ("InspectorId") REFERENCES public."Inspectors"("Id");


--
-- Name: Seams FK_Seams_ProductionAreas_ProductionAreaId; Type: FK CONSTRAINT; Schema: public; Owner: -
--

ALTER TABLE ONLY public."Seams"
    ADD CONSTRAINT "FK_Seams_ProductionAreas_ProductionAreaId" FOREIGN KEY ("ProductionAreaId") REFERENCES public."ProductionAreas"("Id");


--
-- Name: Seams FK_Seams_Products_ProductId; Type: FK CONSTRAINT; Schema: public; Owner: -
--

ALTER TABLE ONLY public."Seams"
    ADD CONSTRAINT "FK_Seams_Products_ProductId" FOREIGN KEY ("ProductId") REFERENCES public."Products"("Id");


--
-- Name: Seams FK_Seams_Welders_WelderId; Type: FK CONSTRAINT; Schema: public; Owner: -
--

ALTER TABLE ONLY public."Seams"
    ADD CONSTRAINT "FK_Seams_Welders_WelderId" FOREIGN KEY ("WelderId") REFERENCES public."Welders"("Id");


--
-- Name: Seams FK_Seams_Workplaces_WorkplaceId; Type: FK CONSTRAINT; Schema: public; Owner: -
--

ALTER TABLE ONLY public."Seams"
    ADD CONSTRAINT "FK_Seams_Workplaces_WorkplaceId" FOREIGN KEY ("WorkplaceId") REFERENCES public."Workplaces"("Id");


--
-- Name: StatusReasons FK_StatusReasons_Products_ProductId; Type: FK CONSTRAINT; Schema: public; Owner: -
--

ALTER TABLE ONLY public."StatusReasons"
    ADD CONSTRAINT "FK_StatusReasons_Products_ProductId" FOREIGN KEY ("ProductId") REFERENCES public."Products"("Id");


--
-- Name: StatusReasons FK_StatusReasons_Seams_SeamId; Type: FK CONSTRAINT; Schema: public; Owner: -
--

ALTER TABLE ONLY public."StatusReasons"
    ADD CONSTRAINT "FK_StatusReasons_Seams_SeamId" FOREIGN KEY ("SeamId") REFERENCES public."Seams"("Id");


--
-- Name: TechnologicalInstruction FK_TechnologicalInstruction_Seams_SeamId; Type: FK CONSTRAINT; Schema: public; Owner: -
--

ALTER TABLE ONLY public."TechnologicalInstruction"
    ADD CONSTRAINT "FK_TechnologicalInstruction_Seams_SeamId" FOREIGN KEY ("SeamId") REFERENCES public."Seams"("Id") ON DELETE CASCADE;


--
-- Name: TechnologicalInstruction FK_TechnologicalInstruction_TechnologicalProcesses_Technologic~; Type: FK CONSTRAINT; Schema: public; Owner: -
--

ALTER TABLE ONLY public."TechnologicalInstruction"
    ADD CONSTRAINT "FK_TechnologicalInstruction_TechnologicalProcesses_Technologic~" FOREIGN KEY ("TechnologicalProcessId") REFERENCES public."TechnologicalProcesses"("Id");


--
-- Name: UserRoles FK_UserRoles_Roles_RoleId; Type: FK CONSTRAINT; Schema: public; Owner: -
--

ALTER TABLE ONLY public."UserRoles"
    ADD CONSTRAINT "FK_UserRoles_Roles_RoleId" FOREIGN KEY ("RoleId") REFERENCES public."Roles"("Id") ON DELETE CASCADE;


--
-- Name: UserRoles FK_UserRoles_Users_UserId; Type: FK CONSTRAINT; Schema: public; Owner: -
--

ALTER TABLE ONLY public."UserRoles"
    ADD CONSTRAINT "FK_UserRoles_Users_UserId" FOREIGN KEY ("UserId") REFERENCES public."Users"("Id") ON DELETE CASCADE;


--
-- Name: Users FK_Users_ProductionAreas_ProductionAreaId; Type: FK CONSTRAINT; Schema: public; Owner: -
--

ALTER TABLE ONLY public."Users"
    ADD CONSTRAINT "FK_Users_ProductionAreas_ProductionAreaId" FOREIGN KEY ("ProductionAreaId") REFERENCES public."ProductionAreas"("Id");


--
-- Name: WeldPassages FK_WeldPassages_Seams_SeamId; Type: FK CONSTRAINT; Schema: public; Owner: -
--

ALTER TABLE ONLY public."WeldPassages"
    ADD CONSTRAINT "FK_WeldPassages_Seams_SeamId" FOREIGN KEY ("SeamId") REFERENCES public."Seams"("Id") ON DELETE CASCADE;


--
-- Name: WeldPassages FK_WeldPassages_TechnologicalInstruction_TechnologicalInstruct~; Type: FK CONSTRAINT; Schema: public; Owner: -
--

ALTER TABLE ONLY public."WeldPassages"
    ADD CONSTRAINT "FK_WeldPassages_TechnologicalInstruction_TechnologicalInstruct~" FOREIGN KEY ("TechnologicalInstructionId") REFERENCES public."TechnologicalInstruction"("Id") ON DELETE CASCADE;


--
-- Name: Welders FK_Welders_Users_UserId; Type: FK CONSTRAINT; Schema: public; Owner: -
--

ALTER TABLE ONLY public."Welders"
    ADD CONSTRAINT "FK_Welders_Users_UserId" FOREIGN KEY ("UserId") REFERENCES public."Users"("Id") ON DELETE CASCADE;


--
-- Name: Welders FK_Welders_Workplaces_WorkplaceId; Type: FK CONSTRAINT; Schema: public; Owner: -
--

ALTER TABLE ONLY public."Welders"
    ADD CONSTRAINT "FK_Welders_Workplaces_WorkplaceId" FOREIGN KEY ("WorkplaceId") REFERENCES public."Workplaces"("Id");


--
-- Name: WeldingEquipmentConditionTimes FK_WeldingEquipmentConditionTimes_DowntimeReasons_DowntimeReas~; Type: FK CONSTRAINT; Schema: public; Owner: -
--

ALTER TABLE ONLY public."WeldingEquipmentConditionTimes"
    ADD CONSTRAINT "FK_WeldingEquipmentConditionTimes_DowntimeReasons_DowntimeReas~" FOREIGN KEY ("DowntimeReasonId") REFERENCES public."DowntimeReasons"("Id");


--
-- Name: WeldingEquipmentConditionTimes FK_WeldingEquipmentConditionTimes_WeldingEquipments_WeldingEqu~; Type: FK CONSTRAINT; Schema: public; Owner: -
--

ALTER TABLE ONLY public."WeldingEquipmentConditionTimes"
    ADD CONSTRAINT "FK_WeldingEquipmentConditionTimes_WeldingEquipments_WeldingEqu~" FOREIGN KEY ("WeldingEquipmentId") REFERENCES public."WeldingEquipments"("Id") ON DELETE CASCADE;


--
-- Name: WeldingEquipments FK_WeldingEquipments_Posts_PostId; Type: FK CONSTRAINT; Schema: public; Owner: -
--

ALTER TABLE ONLY public."WeldingEquipments"
    ADD CONSTRAINT "FK_WeldingEquipments_Posts_PostId" FOREIGN KEY ("PostId") REFERENCES public."Posts"("Id");


--
-- Name: WeldingEquipments FK_WeldingEquipments_Welders_WelderId; Type: FK CONSTRAINT; Schema: public; Owner: -
--

ALTER TABLE ONLY public."WeldingEquipments"
    ADD CONSTRAINT "FK_WeldingEquipments_Welders_WelderId" FOREIGN KEY ("WelderId") REFERENCES public."Welders"("Id");


--
-- Name: WeldingTasks FK_WeldingTasks_Seams_SeamId; Type: FK CONSTRAINT; Schema: public; Owner: -
--

ALTER TABLE ONLY public."WeldingTasks"
    ADD CONSTRAINT "FK_WeldingTasks_Seams_SeamId" FOREIGN KEY ("SeamId") REFERENCES public."Seams"("Id") ON DELETE CASCADE;


--
-- Name: WorkingShifts FK_WorkingShifts_Calendars_CalendarId; Type: FK CONSTRAINT; Schema: public; Owner: -
--

ALTER TABLE ONLY public."WorkingShifts"
    ADD CONSTRAINT "FK_WorkingShifts_Calendars_CalendarId" FOREIGN KEY ("CalendarId") REFERENCES public."Calendars"("Id");


--
-- Name: WorkingShifts FK_WorkingShifts_Days_DayId; Type: FK CONSTRAINT; Schema: public; Owner: -
--

ALTER TABLE ONLY public."WorkingShifts"
    ADD CONSTRAINT "FK_WorkingShifts_Days_DayId" FOREIGN KEY ("DayId") REFERENCES public."Days"("Id");


--
-- Name: Workplaces FK_Workplaces_Posts_PostId; Type: FK CONSTRAINT; Schema: public; Owner: -
--

ALTER TABLE ONLY public."Workplaces"
    ADD CONSTRAINT "FK_Workplaces_Posts_PostId" FOREIGN KEY ("PostId") REFERENCES public."Posts"("Id");


--
-- Name: Workplaces FK_Workplaces_ProductionAreas_ProductionAreaId; Type: FK CONSTRAINT; Schema: public; Owner: -
--

ALTER TABLE ONLY public."Workplaces"
    ADD CONSTRAINT "FK_Workplaces_ProductionAreas_ProductionAreaId" FOREIGN KEY ("ProductionAreaId") REFERENCES public."ProductionAreas"("Id");


--
-- PostgreSQL database dump complete
--

