--
-- PostgreSQL database dump
--

-- Dumped from database version 14.5
-- Dumped by pg_dump version 14.5

SET statement_timeout = 0;
SET lock_timeout = 0;
SET idle_in_transaction_session_timeout = 0;
SET client_encoding = 'UTF8';
SET standard_conforming_strings = on;
SELECT pg_catalog.set_config('search_path', '', false);
SET check_function_bodies = false;
SET xmloption = content;
SET client_min_messages = warning;
SET row_security = off;

SET default_tablespace = '';

SET default_table_access_method = heap;

--
-- Name: Calendars; Type: TABLE; Schema: public; Owner: -
--

CREATE TABLE public."Calendars" (
    "Id" uuid NOT NULL,
    "Year" integer NOT NULL,
    "IsMain" boolean NOT NULL
);


--
-- Name: Days; Type: TABLE; Schema: public; Owner: -
--

CREATE TABLE public."Days" (
    "Id" uuid NOT NULL,
    "MonthNumber" integer NOT NULL,
    "Number" integer NOT NULL,
    "BreakBetweenShifts" integer,
    "CalendarId" uuid NOT NULL
);


--
-- Name: EventLogs; Type: TABLE; Schema: public; Owner: -
--

CREATE TABLE public."EventLogs" (
    "Id" uuid NOT NULL,
    "Information" character varying(200) NOT NULL,
    "DateTime" timestamp without time zone NOT NULL,
    "UserId" uuid
);


--
-- Name: Inspectors; Type: TABLE; Schema: public; Owner: -
--

CREATE TABLE public."Inspectors" (
    "Id" uuid NOT NULL,
    "UserId" uuid NOT NULL
);


--
-- Name: LayerInstructions; Type: TABLE; Schema: public; Owner: -
--

CREATE TABLE public."LayerInstructions" (
    "Id" uuid NOT NULL,
    "WeldingCurrentMin" double precision NOT NULL,
    "WeldingCurrentMax" double precision NOT NULL,
    "ArcVoltageMin" double precision,
    "ArcVoltageMax" double precision,
    "PreheatingTemperatureMin" double precision NOT NULL,
    "PreheatingTemperatureMax" double precision NOT NULL,
    "WeldPassageId" uuid
);


--
-- Name: Masters; Type: TABLE; Schema: public; Owner: -
--

CREATE TABLE public."Masters" (
    "Id" uuid NOT NULL,
    "UserId" uuid NOT NULL
);


--
-- Name: Posts; Type: TABLE; Schema: public; Owner: -
--

CREATE TABLE public."Posts" (
    "Id" uuid NOT NULL,
    "Number" integer NOT NULL,
    "ProductionAreaId" uuid NOT NULL
);


--
-- Name: ProductInsides; Type: TABLE; Schema: public; Owner: -
--

CREATE TABLE public."ProductInsides" (
    "MainProductId" uuid NOT NULL,
    "InsideProductId" uuid NOT NULL
);


--
-- Name: ProductionAreas; Type: TABLE; Schema: public; Owner: -
--

CREATE TABLE public."ProductionAreas" (
    "Id" uuid NOT NULL,
    "Name" text NOT NULL,
    "Number" integer NOT NULL,
    "WorkshopId" uuid NOT NULL
);


--
-- Name: Products; Type: TABLE; Schema: public; Owner: -
--

CREATE TABLE public."Products" (
    "Id" uuid NOT NULL,
    "Name" text,
    "Number" integer NOT NULL,
    "IsControlSubject" boolean NOT NULL,
    "ProductType" integer NOT NULL,
    "ProductionAreaId" uuid,
    "WorkplaceId" uuid
);


--
-- Name: Roles; Type: TABLE; Schema: public; Owner: -
--

CREATE TABLE public."Roles" (
    "Id" uuid NOT NULL,
    "Name" text NOT NULL
);


--
-- Name: Seams; Type: TABLE; Schema: public; Owner: -
--

CREATE TABLE public."Seams" (
    "Id" uuid NOT NULL,
    "Number" integer NOT NULL,
    "IsControlSubject" boolean NOT NULL,
    "ProductId" uuid,
    "ProductionAreaId" uuid,
    "WorkplaceId" uuid
);


--
-- Name: TechnologicalInstruction; Type: TABLE; Schema: public; Owner: -
--

CREATE TABLE public."TechnologicalInstruction" (
    "Id" uuid NOT NULL,
    "Number" integer NOT NULL,
    "Name" text NOT NULL,
    "SeamId" uuid NOT NULL,
    "TechnologicalProcessId" uuid
);


--
-- Name: TechnologicalProcesses; Type: TABLE; Schema: public; Owner: -
--

CREATE TABLE public."TechnologicalProcesses" (
    "Id" uuid NOT NULL,
    "Number" integer NOT NULL,
    "Name" text NOT NULL,
    "PdmSystemFileLink" text NOT NULL,
    "ProductId" uuid
);


--
-- Name: UserRoles; Type: TABLE; Schema: public; Owner: -
--

CREATE TABLE public."UserRoles" (
    "UserId" uuid NOT NULL,
    "RoleId" uuid NOT NULL
);


--
-- Name: Users; Type: TABLE; Schema: public; Owner: -
--

CREATE TABLE public."Users" (
    "Id" uuid NOT NULL,
    "FirstName" text NOT NULL,
    "LastName" text NOT NULL,
    "MiddleName" text NOT NULL,
    "UserName" text NOT NULL,
    "Email" text NOT NULL,
    "PasswordHash" text NOT NULL,
    "Position" text,
    "ServiceNumber" text,
    "CertificateValidityPeriod" timestamp without time zone,
    "RfidTag" text,
    "ProductionAreaId" uuid
);


--
-- Name: WeldPassages; Type: TABLE; Schema: public; Owner: -
--

CREATE TABLE public."WeldPassages" (
    "Id" uuid NOT NULL,
    "Name" text NOT NULL,
    "WeldingCurrentMin" double precision NOT NULL,
    "WeldingCurrentMax" double precision NOT NULL,
    "ArcVoltageMin" double precision,
    "ArcVoltageMax" double precision,
    "PreheatingTemperatureMin" double precision NOT NULL,
    "PreheatingTemperatureMax" double precision NOT NULL,
    "SeamId" uuid NOT NULL,
    "TechnologicalInstructionId" uuid NOT NULL
);


--
-- Name: Welders; Type: TABLE; Schema: public; Owner: -
--

CREATE TABLE public."Welders" (
    "Id" uuid NOT NULL,
    "UserId" uuid NOT NULL,
    "WorkplaceId" uuid,
    "CalendarId" uuid
);


--
-- Name: WeldingEquipmentConditionTimes; Type: TABLE; Schema: public; Owner: -
--

CREATE TABLE public."WeldingEquipmentConditionTimes" (
    "Id" uuid NOT NULL,
    "Condition" integer NOT NULL,
    "DowntimeReason" text,
    "ChangeConditionTime" interval,
    "Time" integer NOT NULL
);


--
-- Name: WeldingEquipmentWorkingShifts; Type: TABLE; Schema: public; Owner: -
--

CREATE TABLE public."WeldingEquipmentWorkingShifts" (
    "WeldingEquipmentId" uuid NOT NULL,
    "WorkingShiftId" uuid NOT NULL,
    "WeldingEquipmentConditionTimeId" uuid NOT NULL
);


--
-- Name: WeldingEquipments; Type: TABLE; Schema: public; Owner: -
--

CREATE TABLE public."WeldingEquipments" (
    "Id" uuid NOT NULL,
    "RfidTag" text NOT NULL,
    "Name" text NOT NULL,
    "Marking" text NOT NULL,
    "FactoryNumber" text NOT NULL,
    "CommissioningDate" timestamp without time zone NOT NULL,
    "CurrentCondition" integer NOT NULL,
    "Height" integer NOT NULL,
    "Width" integer NOT NULL,
    "Lenght" integer NOT NULL,
    "GroupNumber" integer NOT NULL,
    "ManufacturerName" text NOT NULL,
    "NextAttestationDate" timestamp without time zone NOT NULL,
    "WeldingProcess" text NOT NULL,
    "IdleVoltage" double precision NOT NULL,
    "WeldingCurrentMin" double precision NOT NULL,
    "WeldingCurrentMax" double precision NOT NULL,
    "ArcVoltageMin" double precision NOT NULL,
    "ArcVoltageMax" double precision NOT NULL,
    "PostId" uuid,
    "CalendarId" uuid,
    "MasterId" uuid,
    "WelderId" uuid
);


--
-- Name: WeldingTasks; Type: TABLE; Schema: public; Owner: -
--

CREATE TABLE public."WeldingTasks" (
    "Id" uuid NOT NULL,
    "Number" integer NOT NULL,
    "WelderId" uuid NOT NULL,
    "MasterId" uuid NOT NULL,
    "InspectorId" uuid NOT NULL,
    "WeldingDate" timestamp without time zone NOT NULL,
    "WeldingStartTime" timestamp without time zone,
    "WeldingEndTime" timestamp without time zone,
    "AmbientTemperature" integer NOT NULL,
    "AirHumidity" integer NOT NULL,
    "InterlayerTemperature" integer NOT NULL,
    "CurrentLayerNumber" integer NOT NULL,
    "PreheatingTemperature" integer NOT NULL,
    "Status" integer NOT NULL,
    "DefectReasons" text,
    "DefectsDetected" text,
    "WeldingCurrentValues" double precision[],
    "ArcVoltageValues" double precision[],
    "ShortTermDeviation" double precision,
    "LongTermDeviation" double precision,
    "BasicMaterial" text NOT NULL,
    "MainMaterialBatchNumber" text NOT NULL,
    "WeldingMaterial" text NOT NULL,
    "WeldingMaterialBatchNumber" text NOT NULL,
    "ProtectiveGas" text,
    "ProtectiveGasBatchNumber" text,
    "ProductId" uuid,
    "SeamId" uuid
);


--
-- Name: WorkingShifts; Type: TABLE; Schema: public; Owner: -
--

CREATE TABLE public."WorkingShifts" (
    "Id" uuid NOT NULL,
    "Number" integer NOT NULL,
    "ShiftStart" interval NOT NULL,
    "ShiftEnd" interval NOT NULL,
    "DayId" uuid NOT NULL
);


--
-- Name: Workplaces; Type: TABLE; Schema: public; Owner: -
--

CREATE TABLE public."Workplaces" (
    "Id" uuid NOT NULL,
    "Number" integer NOT NULL,
    "PostId" uuid,
    "ProductionAreaId" uuid
);


--
-- Name: Workshops; Type: TABLE; Schema: public; Owner: -
--

CREATE TABLE public."Workshops" (
    "Id" uuid NOT NULL,
    "Name" text NOT NULL,
    "Number" integer NOT NULL
);


--
-- Data for Name: Calendars; Type: TABLE DATA; Schema: public; Owner: -
--

COPY public."Calendars" ("Id", "Year", "IsMain") FROM stdin;
a28bf6cf-c960-4d40-a135-7288187a5c93	2022	t
\.


--
-- Data for Name: Days; Type: TABLE DATA; Schema: public; Owner: -
--

COPY public."Days" ("Id", "MonthNumber", "Number", "BreakBetweenShifts", "CalendarId") FROM stdin;
5058b248-492b-4bbc-9cb7-60683de79e55	1	1	30	a28bf6cf-c960-4d40-a135-7288187a5c93
\.


--
-- Data for Name: EventLogs; Type: TABLE DATA; Schema: public; Owner: -
--

COPY public."EventLogs" ("Id", "Information", "DateTime", "UserId") FROM stdin;
\.


--
-- Data for Name: Inspectors; Type: TABLE DATA; Schema: public; Owner: -
--

COPY public."Inspectors" ("Id", "UserId") FROM stdin;
8d0e0207-fb20-4ec2-b99e-c698394e3349	35e4bbb2-4bda-4ca3-948f-80f095261144
\.


--
-- Data for Name: LayerInstructions; Type: TABLE DATA; Schema: public; Owner: -
--

COPY public."LayerInstructions" ("Id", "WeldingCurrentMin", "WeldingCurrentMax", "ArcVoltageMin", "ArcVoltageMax", "PreheatingTemperatureMin", "PreheatingTemperatureMax", "WeldPassageId") FROM stdin;
\.


--
-- Data for Name: Masters; Type: TABLE DATA; Schema: public; Owner: -
--

COPY public."Masters" ("Id", "UserId") FROM stdin;
306c7732-301d-4daa-86e1-0a5350704dd9	4b346a1f-e140-435d-87a8-26acf2ad83ec
\.


--
-- Data for Name: Posts; Type: TABLE DATA; Schema: public; Owner: -
--

COPY public."Posts" ("Id", "Number", "ProductionAreaId") FROM stdin;
77092a1b-6fa3-4215-8c7b-1219084b6147	2	a24de147-d7e2-4d96-812e-35a837b6ab89
dbc91a17-8860-4540-bc55-382c56cb67d9	1	fb78b361-e9bc-4cb3-8a0b-410de39c36e6
e5b00d92-7a0e-4dd8-b5d1-e12ccfdd640d	3	0098a305-f249-4167-a7ca-27ff302748ac
\.


--
-- Data for Name: ProductInsides; Type: TABLE DATA; Schema: public; Owner: -
--

COPY public."ProductInsides" ("MainProductId", "InsideProductId") FROM stdin;
a99ca5f4-fbd6-4e3b-b510-05dc1c746a53	70ab6138-4306-4bc2-b3d0-1a68ec03fef5
1803414a-838f-49b4-b4e5-994bee7ff303	c35a8d8f-612e-4383-a81a-eadcaee91d54
a99ca5f4-fbd6-4e3b-b510-05dc1c746a53	e8d2e2bb-9021-4d64-af00-5a48c0bf90d6
1803414a-838f-49b4-b4e5-994bee7ff303	f906706d-0ca1-4492-b7b1-04f3654f8bac
\.


--
-- Data for Name: ProductionAreas; Type: TABLE DATA; Schema: public; Owner: -
--

COPY public."ProductionAreas" ("Id", "Name", "Number", "WorkshopId") FROM stdin;
0098a305-f249-4167-a7ca-27ff302748ac	Производственный участок 3	3	3c17c0f5-e50a-400a-ba85-b6baa60c5828
a24de147-d7e2-4d96-812e-35a837b6ab89	Производственный участок 2	2	3c17c0f5-e50a-400a-ba85-b6baa60c5828
fb78b361-e9bc-4cb3-8a0b-410de39c36e6	Производственный участок 1	1	3c17c0f5-e50a-400a-ba85-b6baa60c5828
\.


--
-- Data for Name: Products; Type: TABLE DATA; Schema: public; Owner: -
--

COPY public."Products" ("Id", "Name", "Number", "IsControlSubject", "ProductType", "ProductionAreaId", "WorkplaceId") FROM stdin;
1803414a-838f-49b4-b4e5-994bee7ff303	Изделие 2	2	f	1	0098a305-f249-4167-a7ca-27ff302748ac	0526925e-7517-45cf-94f0-2a02b2d6d197
70ab6138-4306-4bc2-b3d0-1a68ec03fef5	Узел 1	1	f	2	0098a305-f249-4167-a7ca-27ff302748ac	0526925e-7517-45cf-94f0-2a02b2d6d197
a99ca5f4-fbd6-4e3b-b510-05dc1c746a53	Изделие 1	1	t	1	0098a305-f249-4167-a7ca-27ff302748ac	0526925e-7517-45cf-94f0-2a02b2d6d197
c35a8d8f-612e-4383-a81a-eadcaee91d54	Узел 2	2	f	2	0098a305-f249-4167-a7ca-27ff302748ac	0526925e-7517-45cf-94f0-2a02b2d6d197
e8d2e2bb-9021-4d64-af00-5a48c0bf90d6	Деталь 1	1	f	3	0098a305-f249-4167-a7ca-27ff302748ac	0526925e-7517-45cf-94f0-2a02b2d6d197
f906706d-0ca1-4492-b7b1-04f3654f8bac	Деталь 2	2	t	3	0098a305-f249-4167-a7ca-27ff302748ac	0526925e-7517-45cf-94f0-2a02b2d6d197
\.


--
-- Data for Name: Roles; Type: TABLE DATA; Schema: public; Owner: -
--

COPY public."Roles" ("Id", "Name") FROM stdin;
e92f6432-b927-46a4-88a8-46952495683d	Admin
6ec5c99a-50d3-4179-bf09-fa1fa7785b0b	Master
a951f924-cfc8-4ec9-acf0-df8dead749e1	Executor
53cf3668-73fa-41e6-aeb7-009574968257	TechUser
\.


--
-- Data for Name: Seams; Type: TABLE DATA; Schema: public; Owner: -
--

COPY public."Seams" ("Id", "Number", "IsControlSubject", "ProductId", "ProductionAreaId", "WorkplaceId") FROM stdin;
b9c0e116-4476-4dcb-ba29-722fefda5396	2	t	1803414a-838f-49b4-b4e5-994bee7ff303	0098a305-f249-4167-a7ca-27ff302748ac	0526925e-7517-45cf-94f0-2a02b2d6d197
c93752f4-aab1-435b-b1f0-f1494b007348	1	f	a99ca5f4-fbd6-4e3b-b510-05dc1c746a53	0098a305-f249-4167-a7ca-27ff302748ac	0526925e-7517-45cf-94f0-2a02b2d6d197
\.


--
-- Data for Name: TechnologicalInstruction; Type: TABLE DATA; Schema: public; Owner: -
--

COPY public."TechnologicalInstruction" ("Id", "Number", "Name", "SeamId", "TechnologicalProcessId") FROM stdin;
a6f5a912-e95e-43bf-90c1-d1b6ce9d1c07	2	Инструкция 2	b9c0e116-4476-4dcb-ba29-722fefda5396	bf38054a-efe5-4b6a-9c5a-5466a795a104
bf0182d2-f4c9-444e-88c6-63e33d4bb520	1	Инструкция 1	c93752f4-aab1-435b-b1f0-f1494b007348	04bcf7dd-a0bd-4376-a842-a3eb6ff35982
\.


--
-- Data for Name: TechnologicalProcesses; Type: TABLE DATA; Schema: public; Owner: -
--

COPY public."TechnologicalProcesses" ("Id", "Number", "Name", "PdmSystemFileLink", "ProductId") FROM stdin;
04bcf7dd-a0bd-4376-a842-a3eb6ff35982	1	Технологический процесс 1	Ссылка	a99ca5f4-fbd6-4e3b-b510-05dc1c746a53
bf38054a-efe5-4b6a-9c5a-5466a795a104	2	Технологический процесс 2	Ссылка	1803414a-838f-49b4-b4e5-994bee7ff303
\.


--
-- Data for Name: UserRoles; Type: TABLE DATA; Schema: public; Owner: -
--

COPY public."UserRoles" ("UserId", "RoleId") FROM stdin;
03d90fe0-79ca-41ca-8e7a-0239db2a54e3	a951f924-cfc8-4ec9-acf0-df8dead749e1
4d105a38-fedd-4d8b-a011-6f4f5af8a90a	a951f924-cfc8-4ec9-acf0-df8dead749e1
5b167a9a-98ab-4578-b7c0-f7d6b2e8912f	a951f924-cfc8-4ec9-acf0-df8dead749e1
35e4bbb2-4bda-4ca3-948f-80f095261144	53cf3668-73fa-41e6-aeb7-009574968257
4b346a1f-e140-435d-87a8-26acf2ad83ec	6ec5c99a-50d3-4179-bf09-fa1fa7785b0b
c7c00b72-0179-4172-a63f-997dabc7cc67	e92f6432-b927-46a4-88a8-46952495683d
\.


--
-- Data for Name: Users; Type: TABLE DATA; Schema: public; Owner: -
--

COPY public."Users" ("Id", "FirstName", "LastName", "MiddleName", "UserName", "Email", "PasswordHash", "Position", "ServiceNumber", "CertificateValidityPeriod", "RfidTag", "ProductionAreaId") FROM stdin;
03d90fe0-79ca-41ca-8e7a-0239db2a54e3	Имя 3	Отчество 3	Фамилия 3	UserName	Email	PasswordHash	Должность 3	Табельный номер 3	2025-03-03 00:00:00	RFID метка сварщика 3	fb78b361-e9bc-4cb3-8a0b-410de39c36e6
4d105a38-fedd-4d8b-a011-6f4f5af8a90a	Имя 2	Отчество 2	Фамилия 2	UserName	Email	PasswordHash	Должность 2	Табельный номер  2	2025-01-01 00:00:00	RFID метка сварщика 2	a24de147-d7e2-4d96-812e-35a837b6ab89
5b167a9a-98ab-4578-b7c0-f7d6b2e8912f	Имя 1	Отчество 1	Фамилия 1	UserName	Email	PasswordHash	Должность 1	Табельный номер  1	2025-02-02 00:00:00	RFID метка сварщика 1	0098a305-f249-4167-a7ca-27ff302748ac
35e4bbb2-4bda-4ca3-948f-80f095261144	Имя Контролера	Имя Контролера	Имя Контролера	UserName	Email	PasswordHash	Должность 1	Табельный номер  1	2025-02-02 00:00:00	RFID метка проверяющего 1	\N
4b346a1f-e140-435d-87a8-26acf2ad83ec	Имя мастера	Отчество мастера	Фамилия мастера	UserName	Email	PasswordHash	Должность 1	Табельный номер  1	2025-02-02 00:00:00	RFID метка проверяющего 1	\N
c7c00b72-0179-4172-a63f-997dabc7cc67	Admin	Adminovich	Admin	admin1@admin.com	admin@admin.com	$MYHASH$V1$10000$6yl9kClcwsQZxdcm2lTMJPnF/KMhaR3XjN9ZwuY9WUQxYjW1	\N	\N	\N	\N	\N
\.


--
-- Data for Name: WeldPassages; Type: TABLE DATA; Schema: public; Owner: -
--

COPY public."WeldPassages" ("Id", "Name", "WeldingCurrentMin", "WeldingCurrentMax", "ArcVoltageMin", "ArcVoltageMax", "PreheatingTemperatureMin", "PreheatingTemperatureMax", "SeamId", "TechnologicalInstructionId") FROM stdin;
827ba9da-31ce-409b-abbe-f2b1e4f598b2	Название прохода 1	1	100	5	50	10	60	b9c0e116-4476-4dcb-ba29-722fefda5396	a6f5a912-e95e-43bf-90c1-d1b6ce9d1c07
ad9754c5-9c82-492b-8391-62d38121c52c	Название прохода 1	1	100	5	50	10	60	c93752f4-aab1-435b-b1f0-f1494b007348	bf0182d2-f4c9-444e-88c6-63e33d4bb520
\.


--
-- Data for Name: Welders; Type: TABLE DATA; Schema: public; Owner: -
--

COPY public."Welders" ("Id", "UserId", "WorkplaceId", "CalendarId") FROM stdin;
9ab19f68-1650-4949-8055-e7ee87faccab	4d105a38-fedd-4d8b-a011-6f4f5af8a90a	08bb59fd-62f2-4b46-870b-a9764f9dae61	\N
9d5e45e0-73c3-445c-9ea8-0283281f2167	5b167a9a-98ab-4578-b7c0-f7d6b2e8912f	\N	\N
d87d3d86-12bd-46e2-9b33-de8bab7c1f94	03d90fe0-79ca-41ca-8e7a-0239db2a54e3	e96f19d8-0215-4d50-aaef-ddbb5e565884	\N
\.


--
-- Data for Name: WeldingEquipmentConditionTimes; Type: TABLE DATA; Schema: public; Owner: -
--

COPY public."WeldingEquipmentConditionTimes" ("Id", "Condition", "DowntimeReason", "ChangeConditionTime", "Time") FROM stdin;
41d2ef93-cd09-4bd0-ab3f-13ab7de6e0f6	3	\N	\N	30
49ba139b-d7da-4783-92b9-08ce8fbda479	3	\N	\N	60
9369d6d4-5f41-4b09-aa5a-b3f3e961238b	3	\N	\N	60
ac11a8bb-94f8-4456-a7ce-6a71cc970d98	3	\N	\N	60
ac75ab01-565d-47e1-8474-bb48a4abee1e	4	Какая-то причина простоя 3	12:50:00	60
e3dbc249-7c0e-4bc5-85d0-45fd8fc3e1c8	4	Какая-то причина простоя	09:30:00	30
f8b15634-08c4-4d6d-9e34-7209483b23ef	4	Какая-то причина простоя 2	19:30:00	10
\.


--
-- Data for Name: WeldingEquipmentWorkingShifts; Type: TABLE DATA; Schema: public; Owner: -
--

COPY public."WeldingEquipmentWorkingShifts" ("WeldingEquipmentId", "WorkingShiftId", "WeldingEquipmentConditionTimeId") FROM stdin;
38f1d232-5ab0-4bb9-bca9-a8eb7ecfd7a8	0e9d326a-77c0-4a71-a1b7-acf7c9120f33	9369d6d4-5f41-4b09-aa5a-b3f3e961238b
ceaa263e-3fd9-43f3-8c03-7eded7ef0772	0e9d326a-77c0-4a71-a1b7-acf7c9120f33	ac11a8bb-94f8-4456-a7ce-6a71cc970d98
ceaa263e-3fd9-43f3-8c03-7eded7ef0772	0e9d326a-77c0-4a71-a1b7-acf7c9120f33	e3dbc249-7c0e-4bc5-85d0-45fd8fc3e1c8
ceaa263e-3fd9-43f3-8c03-7eded7ef0772	11b9fa92-4cf3-4e4b-96b4-2858b2d5ff7b	41d2ef93-cd09-4bd0-ab3f-13ab7de6e0f6
ceaa263e-3fd9-43f3-8c03-7eded7ef0772	e3ae78a7-2ac7-4d3f-b90e-7192676da388	f8b15634-08c4-4d6d-9e34-7209483b23ef
f76b8046-b5b9-4518-b2a7-81bbb0e673a6	0e9d326a-77c0-4a71-a1b7-acf7c9120f33	49ba139b-d7da-4783-92b9-08ce8fbda479
f76b8046-b5b9-4518-b2a7-81bbb0e673a6	11b9fa92-4cf3-4e4b-96b4-2858b2d5ff7b	ac75ab01-565d-47e1-8474-bb48a4abee1e
\.


--
-- Data for Name: WeldingEquipments; Type: TABLE DATA; Schema: public; Owner: -
--

COPY public."WeldingEquipments" ("Id", "RfidTag", "Name", "Marking", "FactoryNumber", "CommissioningDate", "CurrentCondition", "Height", "Width", "Lenght", "GroupNumber", "ManufacturerName", "NextAttestationDate", "WeldingProcess", "IdleVoltage", "WeldingCurrentMin", "WeldingCurrentMax", "ArcVoltageMin", "ArcVoltageMax", "PostId", "CalendarId", "MasterId", "WelderId") FROM stdin;
38f1d232-5ab0-4bb9-bca9-a8eb7ecfd7a8	RFID метка 2	Какое-то оборудование 2	Маркировка 2	22	2021-02-23 00:00:00	1	20	30	40	3	Изготовитель 2	2023-02-05 00:00:00	Способ сварки 2	12.3	5.5	10.9	6.1	7.9	dbc91a17-8860-4540-bc55-382c56cb67d9	\N	\N	9d5e45e0-73c3-445c-9ea8-0283281f2167
ceaa263e-3fd9-43f3-8c03-7eded7ef0772	RFID метка 1	Какое-то оборудование 1	Маркировка 1	12	2020-01-23 00:00:00	2	20	30	40	3	Изготовитель 1	2023-02-05 00:00:00	Способ сварки 1	12.3	5.5	10.9	6.1	7.9	dbc91a17-8860-4540-bc55-382c56cb67d9	\N	\N	9ab19f68-1650-4949-8055-e7ee87faccab
f76b8046-b5b9-4518-b2a7-81bbb0e673a6	RFID метка 3	Какое-то оборудование 3	Маркировка 3	32	2022-02-23 00:00:00	3	20	30	40	3	Изготовитель 3	2024-02-05 00:00:00	Способ сварки 3	12.3	5.5	10.9	6.1	7.9	\N	\N	\N	d87d3d86-12bd-46e2-9b33-de8bab7c1f94
\.


--
-- Data for Name: WeldingTasks; Type: TABLE DATA; Schema: public; Owner: -
--

COPY public."WeldingTasks" ("Id", "Number", "WelderId", "MasterId", "InspectorId", "WeldingDate", "WeldingStartTime", "WeldingEndTime", "AmbientTemperature", "AirHumidity", "InterlayerTemperature", "CurrentLayerNumber", "PreheatingTemperature", "Status", "DefectReasons", "DefectsDetected", "WeldingCurrentValues", "ArcVoltageValues", "ShortTermDeviation", "LongTermDeviation", "BasicMaterial", "MainMaterialBatchNumber", "WeldingMaterial", "WeldingMaterialBatchNumber", "ProtectiveGas", "ProtectiveGasBatchNumber", "ProductId", "SeamId") FROM stdin;
10e99f45-425e-4007-9e04-c13ee5cae5e5	6	9ab19f68-1650-4949-8055-e7ee87faccab	306c7732-301d-4daa-86e1-0a5350704dd9	8d0e0207-fb20-4ec2-b99e-c698394e3349	2022-01-01 00:00:00	2022-01-03 00:00:00	\N	31	2	22	2	11	2	\N	\N	{1.2,2.3,6.8}	{11.2,2.33,26.8}	\N	\N	Основной материал	№ сертификата	варочные материалы	№ сертификата	\N	\N	f906706d-0ca1-4492-b7b1-04f3654f8bac	\N
1d243305-7c2b-41f3-8314-c0cd29e848f5	4	9ab19f68-1650-4949-8055-e7ee87faccab	306c7732-301d-4daa-86e1-0a5350704dd9	8d0e0207-fb20-4ec2-b99e-c698394e3349	2022-01-01 00:00:00	2022-01-03 00:00:00	\N	320	1	220	12	2	3	\N	\N	{1.2,2.3,6.8}	{11.2,2.33,26.8}	\N	\N	Основной материал	№ сертификата	варочные материалы	№ сертификата	\N	\N	\N	c93752f4-aab1-435b-b1f0-f1494b007348
66143a9f-adba-4815-a53e-726c50a1c61f	6	9ab19f68-1650-4949-8055-e7ee87faccab	306c7732-301d-4daa-86e1-0a5350704dd9	8d0e0207-fb20-4ec2-b99e-c698394e3349	2022-01-01 00:00:00	2022-01-03 00:00:00	\N	31	2	22	2	11	2	\N	\N	{1.2,2.3,6.8}	{11.2,2.33,26.8}	\N	\N	Основной материал	№ сертификата	варочные материалы	№ сертификата	\N	\N	c35a8d8f-612e-4383-a81a-eadcaee91d54	\N
6c691f41-2aa4-4dbb-80e0-f83b82a11298	5	9ab19f68-1650-4949-8055-e7ee87faccab	306c7732-301d-4daa-86e1-0a5350704dd9	8d0e0207-fb20-4ec2-b99e-c698394e3349	2022-01-01 00:00:00	2022-01-03 00:00:00	\N	130	21	23	13	10	4	\N	\N	{1.2,2.3,6.8}	{11.2,2.33,26.8}	\N	\N	Основной материал	№ сертификата	варочные материалы	№ сертификата	\N	\N	1803414a-838f-49b4-b4e5-994bee7ff303	\N
6e039add-5f6d-425d-844c-f7f5b930d081	1	9ab19f68-1650-4949-8055-e7ee87faccab	306c7732-301d-4daa-86e1-0a5350704dd9	8d0e0207-fb20-4ec2-b99e-c698394e3349	2022-01-01 00:00:00	2022-01-03 00:00:00	\N	300	1	200	81	150	2	\N	\N	{1.2,2.3,6.8}	{11.2,2.33,26.8}	\N	\N	Основной материал	№ сертификата	варочные материалы	№ сертификата	\N	\N	\N	b9c0e116-4476-4dcb-ba29-722fefda5396
93a48491-de2c-4152-93a1-6d881588d853	6	9ab19f68-1650-4949-8055-e7ee87faccab	306c7732-301d-4daa-86e1-0a5350704dd9	8d0e0207-fb20-4ec2-b99e-c698394e3349	2022-01-01 00:00:00	2022-01-03 00:00:00	\N	31	2	22	2	11	2	\N	\N	{1.2,2.3,6.8}	{11.2,2.33,26.8}	\N	\N	Основной материал	№ сертификата	варочные материалы	№ сертификата	\N	\N	70ab6138-4306-4bc2-b3d0-1a68ec03fef5	\N
97e2e1bc-481e-4514-8538-103c3e6c1d93	3	9ab19f68-1650-4949-8055-e7ee87faccab	306c7732-301d-4daa-86e1-0a5350704dd9	8d0e0207-fb20-4ec2-b99e-c698394e3349	2022-01-01 00:00:00	2022-01-03 00:00:00	\N	390	81	820	81	170	2	\N	\N	{1.2,2.3,6.8}	{11.2,2.33,26.8}	\N	\N	Основной материал	№ сертификата	варочные материалы	№ сертификата	\N	\N	e8d2e2bb-9021-4d64-af00-5a48c0bf90d6	\N
eea31fcc-161b-4f39-8db9-fc6e5c041009	2	9ab19f68-1650-4949-8055-e7ee87faccab	306c7732-301d-4daa-86e1-0a5350704dd9	8d0e0207-fb20-4ec2-b99e-c698394e3349	2022-01-01 00:00:00	2022-01-03 00:00:00	\N	3067	41	203	31	110	1	\N	\N	{1.2,2.3,6.8}	{11.2,2.33,26.8}	\N	\N	Основной материал	№ сертификата	варочные материалы	№ сертификата	\N	\N	a99ca5f4-fbd6-4e3b-b510-05dc1c746a53	\N
\.


--
-- Data for Name: WorkingShifts; Type: TABLE DATA; Schema: public; Owner: -
--

COPY public."WorkingShifts" ("Id", "Number", "ShiftStart", "ShiftEnd", "DayId") FROM stdin;
0e9d326a-77c0-4a71-a1b7-acf7c9120f33	2	12:30:00	16:00:00	5058b248-492b-4bbc-9cb7-60683de79e55
11b9fa92-4cf3-4e4b-96b4-2858b2d5ff7b	3	16:30:00	20:00:00	5058b248-492b-4bbc-9cb7-60683de79e55
e3ae78a7-2ac7-4d3f-b90e-7192676da388	1	08:00:00	12:00:00	5058b248-492b-4bbc-9cb7-60683de79e55
\.


--
-- Data for Name: Workplaces; Type: TABLE DATA; Schema: public; Owner: -
--

COPY public."Workplaces" ("Id", "Number", "PostId", "ProductionAreaId") FROM stdin;
0526925e-7517-45cf-94f0-2a02b2d6d197	2	\N	a24de147-d7e2-4d96-812e-35a837b6ab89
08bb59fd-62f2-4b46-870b-a9764f9dae61	1	\N	fb78b361-e9bc-4cb3-8a0b-410de39c36e6
e96f19d8-0215-4d50-aaef-ddbb5e565884	3	\N	0098a305-f249-4167-a7ca-27ff302748ac
\.


--
-- Data for Name: Workshops; Type: TABLE DATA; Schema: public; Owner: -
--

COPY public."Workshops" ("Id", "Name", "Number") FROM stdin;
3c17c0f5-e50a-400a-ba85-b6baa60c5828	Цех	1
\.


--
-- Name: Calendars PK_Calendars; Type: CONSTRAINT; Schema: public; Owner: -
--

ALTER TABLE ONLY public."Calendars"
    ADD CONSTRAINT "PK_Calendars" PRIMARY KEY ("Id");


--
-- Name: Days PK_Days; Type: CONSTRAINT; Schema: public; Owner: -
--

ALTER TABLE ONLY public."Days"
    ADD CONSTRAINT "PK_Days" PRIMARY KEY ("Id");


--
-- Name: EventLogs PK_EventLogs; Type: CONSTRAINT; Schema: public; Owner: -
--

ALTER TABLE ONLY public."EventLogs"
    ADD CONSTRAINT "PK_EventLogs" PRIMARY KEY ("Id");


--
-- Name: Inspectors PK_Inspectors; Type: CONSTRAINT; Schema: public; Owner: -
--

ALTER TABLE ONLY public."Inspectors"
    ADD CONSTRAINT "PK_Inspectors" PRIMARY KEY ("Id");


--
-- Name: LayerInstructions PK_LayerInstructions; Type: CONSTRAINT; Schema: public; Owner: -
--

ALTER TABLE ONLY public."LayerInstructions"
    ADD CONSTRAINT "PK_LayerInstructions" PRIMARY KEY ("Id");


--
-- Name: Masters PK_Masters; Type: CONSTRAINT; Schema: public; Owner: -
--

ALTER TABLE ONLY public."Masters"
    ADD CONSTRAINT "PK_Masters" PRIMARY KEY ("Id");


--
-- Name: Posts PK_Posts; Type: CONSTRAINT; Schema: public; Owner: -
--

ALTER TABLE ONLY public."Posts"
    ADD CONSTRAINT "PK_Posts" PRIMARY KEY ("Id");


--
-- Name: ProductInsides PK_ProductInsides; Type: CONSTRAINT; Schema: public; Owner: -
--

ALTER TABLE ONLY public."ProductInsides"
    ADD CONSTRAINT "PK_ProductInsides" PRIMARY KEY ("InsideProductId", "MainProductId");


--
-- Name: ProductionAreas PK_ProductionAreas; Type: CONSTRAINT; Schema: public; Owner: -
--

ALTER TABLE ONLY public."ProductionAreas"
    ADD CONSTRAINT "PK_ProductionAreas" PRIMARY KEY ("Id");


--
-- Name: Products PK_Products; Type: CONSTRAINT; Schema: public; Owner: -
--

ALTER TABLE ONLY public."Products"
    ADD CONSTRAINT "PK_Products" PRIMARY KEY ("Id");


--
-- Name: Roles PK_Roles; Type: CONSTRAINT; Schema: public; Owner: -
--

ALTER TABLE ONLY public."Roles"
    ADD CONSTRAINT "PK_Roles" PRIMARY KEY ("Id");


--
-- Name: Seams PK_Seams; Type: CONSTRAINT; Schema: public; Owner: -
--

ALTER TABLE ONLY public."Seams"
    ADD CONSTRAINT "PK_Seams" PRIMARY KEY ("Id");


--
-- Name: TechnologicalInstruction PK_TechnologicalInstruction; Type: CONSTRAINT; Schema: public; Owner: -
--

ALTER TABLE ONLY public."TechnologicalInstruction"
    ADD CONSTRAINT "PK_TechnologicalInstruction" PRIMARY KEY ("Id");


--
-- Name: TechnologicalProcesses PK_TechnologicalProcesses; Type: CONSTRAINT; Schema: public; Owner: -
--

ALTER TABLE ONLY public."TechnologicalProcesses"
    ADD CONSTRAINT "PK_TechnologicalProcesses" PRIMARY KEY ("Id");


--
-- Name: UserRoles PK_UserRoles; Type: CONSTRAINT; Schema: public; Owner: -
--

ALTER TABLE ONLY public."UserRoles"
    ADD CONSTRAINT "PK_UserRoles" PRIMARY KEY ("RoleId", "UserId");


--
-- Name: Users PK_Users; Type: CONSTRAINT; Schema: public; Owner: -
--

ALTER TABLE ONLY public."Users"
    ADD CONSTRAINT "PK_Users" PRIMARY KEY ("Id");


--
-- Name: WeldPassages PK_WeldPassages; Type: CONSTRAINT; Schema: public; Owner: -
--

ALTER TABLE ONLY public."WeldPassages"
    ADD CONSTRAINT "PK_WeldPassages" PRIMARY KEY ("Id");


--
-- Name: Welders PK_Welders; Type: CONSTRAINT; Schema: public; Owner: -
--

ALTER TABLE ONLY public."Welders"
    ADD CONSTRAINT "PK_Welders" PRIMARY KEY ("Id");


--
-- Name: WeldingEquipmentConditionTimes PK_WeldingEquipmentConditionTimes; Type: CONSTRAINT; Schema: public; Owner: -
--

ALTER TABLE ONLY public."WeldingEquipmentConditionTimes"
    ADD CONSTRAINT "PK_WeldingEquipmentConditionTimes" PRIMARY KEY ("Id");


--
-- Name: WeldingEquipmentWorkingShifts PK_WeldingEquipmentWorkingShifts; Type: CONSTRAINT; Schema: public; Owner: -
--

ALTER TABLE ONLY public."WeldingEquipmentWorkingShifts"
    ADD CONSTRAINT "PK_WeldingEquipmentWorkingShifts" PRIMARY KEY ("WeldingEquipmentId", "WorkingShiftId", "WeldingEquipmentConditionTimeId");


--
-- Name: WeldingEquipments PK_WeldingEquipments; Type: CONSTRAINT; Schema: public; Owner: -
--

ALTER TABLE ONLY public."WeldingEquipments"
    ADD CONSTRAINT "PK_WeldingEquipments" PRIMARY KEY ("Id");


--
-- Name: WeldingTasks PK_WeldingTasks; Type: CONSTRAINT; Schema: public; Owner: -
--

ALTER TABLE ONLY public."WeldingTasks"
    ADD CONSTRAINT "PK_WeldingTasks" PRIMARY KEY ("Id");


--
-- Name: WorkingShifts PK_WorkingShifts; Type: CONSTRAINT; Schema: public; Owner: -
--

ALTER TABLE ONLY public."WorkingShifts"
    ADD CONSTRAINT "PK_WorkingShifts" PRIMARY KEY ("Id");


--
-- Name: Workplaces PK_Workplaces; Type: CONSTRAINT; Schema: public; Owner: -
--

ALTER TABLE ONLY public."Workplaces"
    ADD CONSTRAINT "PK_Workplaces" PRIMARY KEY ("Id");


--
-- Name: Workshops PK_Workshops; Type: CONSTRAINT; Schema: public; Owner: -
--

ALTER TABLE ONLY public."Workshops"
    ADD CONSTRAINT "PK_Workshops" PRIMARY KEY ("Id");


--
-- Name: IX_Days_CalendarId; Type: INDEX; Schema: public; Owner: -
--

CREATE INDEX "IX_Days_CalendarId" ON public."Days" USING btree ("CalendarId");


--
-- Name: IX_EventLogs_UserId; Type: INDEX; Schema: public; Owner: -
--

CREATE INDEX "IX_EventLogs_UserId" ON public."EventLogs" USING btree ("UserId");


--
-- Name: IX_Inspectors_UserId; Type: INDEX; Schema: public; Owner: -
--

CREATE INDEX "IX_Inspectors_UserId" ON public."Inspectors" USING btree ("UserId");


--
-- Name: IX_LayerInstructions_WeldPassageId; Type: INDEX; Schema: public; Owner: -
--

CREATE INDEX "IX_LayerInstructions_WeldPassageId" ON public."LayerInstructions" USING btree ("WeldPassageId");


--
-- Name: IX_Masters_UserId; Type: INDEX; Schema: public; Owner: -
--

CREATE INDEX "IX_Masters_UserId" ON public."Masters" USING btree ("UserId");


--
-- Name: IX_Posts_ProductionAreaId; Type: INDEX; Schema: public; Owner: -
--

CREATE INDEX "IX_Posts_ProductionAreaId" ON public."Posts" USING btree ("ProductionAreaId");


--
-- Name: IX_ProductInsides_MainProductId; Type: INDEX; Schema: public; Owner: -
--

CREATE INDEX "IX_ProductInsides_MainProductId" ON public."ProductInsides" USING btree ("MainProductId");


--
-- Name: IX_ProductionAreas_WorkshopId; Type: INDEX; Schema: public; Owner: -
--

CREATE INDEX "IX_ProductionAreas_WorkshopId" ON public."ProductionAreas" USING btree ("WorkshopId");


--
-- Name: IX_Products_ProductionAreaId; Type: INDEX; Schema: public; Owner: -
--

CREATE INDEX "IX_Products_ProductionAreaId" ON public."Products" USING btree ("ProductionAreaId");


--
-- Name: IX_Products_WorkplaceId; Type: INDEX; Schema: public; Owner: -
--

CREATE INDEX "IX_Products_WorkplaceId" ON public."Products" USING btree ("WorkplaceId");


--
-- Name: IX_Seams_ProductId; Type: INDEX; Schema: public; Owner: -
--

CREATE INDEX "IX_Seams_ProductId" ON public."Seams" USING btree ("ProductId");


--
-- Name: IX_Seams_ProductionAreaId; Type: INDEX; Schema: public; Owner: -
--

CREATE INDEX "IX_Seams_ProductionAreaId" ON public."Seams" USING btree ("ProductionAreaId");


--
-- Name: IX_Seams_WorkplaceId; Type: INDEX; Schema: public; Owner: -
--

CREATE INDEX "IX_Seams_WorkplaceId" ON public."Seams" USING btree ("WorkplaceId");


--
-- Name: IX_TechnologicalInstruction_SeamId; Type: INDEX; Schema: public; Owner: -
--

CREATE UNIQUE INDEX "IX_TechnologicalInstruction_SeamId" ON public."TechnologicalInstruction" USING btree ("SeamId");


--
-- Name: IX_TechnologicalInstruction_TechnologicalProcessId; Type: INDEX; Schema: public; Owner: -
--

CREATE INDEX "IX_TechnologicalInstruction_TechnologicalProcessId" ON public."TechnologicalInstruction" USING btree ("TechnologicalProcessId");


--
-- Name: IX_TechnologicalProcesses_ProductId; Type: INDEX; Schema: public; Owner: -
--

CREATE UNIQUE INDEX "IX_TechnologicalProcesses_ProductId" ON public."TechnologicalProcesses" USING btree ("ProductId");


--
-- Name: IX_UserRoles_UserId; Type: INDEX; Schema: public; Owner: -
--

CREATE INDEX "IX_UserRoles_UserId" ON public."UserRoles" USING btree ("UserId");


--
-- Name: IX_Users_ProductionAreaId; Type: INDEX; Schema: public; Owner: -
--

CREATE INDEX "IX_Users_ProductionAreaId" ON public."Users" USING btree ("ProductionAreaId");


--
-- Name: IX_WeldPassages_SeamId; Type: INDEX; Schema: public; Owner: -
--

CREATE INDEX "IX_WeldPassages_SeamId" ON public."WeldPassages" USING btree ("SeamId");


--
-- Name: IX_WeldPassages_TechnologicalInstructionId; Type: INDEX; Schema: public; Owner: -
--

CREATE INDEX "IX_WeldPassages_TechnologicalInstructionId" ON public."WeldPassages" USING btree ("TechnologicalInstructionId");


--
-- Name: IX_Welders_CalendarId; Type: INDEX; Schema: public; Owner: -
--

CREATE INDEX "IX_Welders_CalendarId" ON public."Welders" USING btree ("CalendarId");


--
-- Name: IX_Welders_UserId; Type: INDEX; Schema: public; Owner: -
--

CREATE INDEX "IX_Welders_UserId" ON public."Welders" USING btree ("UserId");


--
-- Name: IX_Welders_WorkplaceId; Type: INDEX; Schema: public; Owner: -
--

CREATE INDEX "IX_Welders_WorkplaceId" ON public."Welders" USING btree ("WorkplaceId");


--
-- Name: IX_WeldingEquipmentWorkingShifts_WeldingEquipmentConditionTime~; Type: INDEX; Schema: public; Owner: -
--

CREATE UNIQUE INDEX "IX_WeldingEquipmentWorkingShifts_WeldingEquipmentConditionTime~" ON public."WeldingEquipmentWorkingShifts" USING btree ("WeldingEquipmentConditionTimeId");


--
-- Name: IX_WeldingEquipmentWorkingShifts_WorkingShiftId; Type: INDEX; Schema: public; Owner: -
--

CREATE INDEX "IX_WeldingEquipmentWorkingShifts_WorkingShiftId" ON public."WeldingEquipmentWorkingShifts" USING btree ("WorkingShiftId");


--
-- Name: IX_WeldingEquipments_CalendarId; Type: INDEX; Schema: public; Owner: -
--

CREATE INDEX "IX_WeldingEquipments_CalendarId" ON public."WeldingEquipments" USING btree ("CalendarId");


--
-- Name: IX_WeldingEquipments_MasterId; Type: INDEX; Schema: public; Owner: -
--

CREATE UNIQUE INDEX "IX_WeldingEquipments_MasterId" ON public."WeldingEquipments" USING btree ("MasterId");


--
-- Name: IX_WeldingEquipments_PostId; Type: INDEX; Schema: public; Owner: -
--

CREATE INDEX "IX_WeldingEquipments_PostId" ON public."WeldingEquipments" USING btree ("PostId");


--
-- Name: IX_WeldingEquipments_WelderId; Type: INDEX; Schema: public; Owner: -
--

CREATE UNIQUE INDEX "IX_WeldingEquipments_WelderId" ON public."WeldingEquipments" USING btree ("WelderId");


--
-- Name: IX_WeldingTasks_InspectorId; Type: INDEX; Schema: public; Owner: -
--

CREATE INDEX "IX_WeldingTasks_InspectorId" ON public."WeldingTasks" USING btree ("InspectorId");


--
-- Name: IX_WeldingTasks_MasterId; Type: INDEX; Schema: public; Owner: -
--

CREATE INDEX "IX_WeldingTasks_MasterId" ON public."WeldingTasks" USING btree ("MasterId");


--
-- Name: IX_WeldingTasks_ProductId; Type: INDEX; Schema: public; Owner: -
--

CREATE UNIQUE INDEX "IX_WeldingTasks_ProductId" ON public."WeldingTasks" USING btree ("ProductId");


--
-- Name: IX_WeldingTasks_SeamId; Type: INDEX; Schema: public; Owner: -
--

CREATE UNIQUE INDEX "IX_WeldingTasks_SeamId" ON public."WeldingTasks" USING btree ("SeamId");


--
-- Name: IX_WeldingTasks_WelderId; Type: INDEX; Schema: public; Owner: -
--

CREATE INDEX "IX_WeldingTasks_WelderId" ON public."WeldingTasks" USING btree ("WelderId");


--
-- Name: IX_WorkingShifts_DayId; Type: INDEX; Schema: public; Owner: -
--

CREATE INDEX "IX_WorkingShifts_DayId" ON public."WorkingShifts" USING btree ("DayId");


--
-- Name: IX_Workplaces_PostId; Type: INDEX; Schema: public; Owner: -
--

CREATE INDEX "IX_Workplaces_PostId" ON public."Workplaces" USING btree ("PostId");


--
-- Name: IX_Workplaces_ProductionAreaId; Type: INDEX; Schema: public; Owner: -
--

CREATE INDEX "IX_Workplaces_ProductionAreaId" ON public."Workplaces" USING btree ("ProductionAreaId");


--
-- Name: Days FK_Days_Calendars_CalendarId; Type: FK CONSTRAINT; Schema: public; Owner: -
--

ALTER TABLE ONLY public."Days"
    ADD CONSTRAINT "FK_Days_Calendars_CalendarId" FOREIGN KEY ("CalendarId") REFERENCES public."Calendars"("Id") ON DELETE CASCADE;


--
-- Name: EventLogs FK_EventLogs_Users_UserId; Type: FK CONSTRAINT; Schema: public; Owner: -
--

ALTER TABLE ONLY public."EventLogs"
    ADD CONSTRAINT "FK_EventLogs_Users_UserId" FOREIGN KEY ("UserId") REFERENCES public."Users"("Id");


--
-- Name: Inspectors FK_Inspectors_Users_UserId; Type: FK CONSTRAINT; Schema: public; Owner: -
--

ALTER TABLE ONLY public."Inspectors"
    ADD CONSTRAINT "FK_Inspectors_Users_UserId" FOREIGN KEY ("UserId") REFERENCES public."Users"("Id") ON DELETE CASCADE;


--
-- Name: LayerInstructions FK_LayerInstructions_WeldPassages_WeldPassageId; Type: FK CONSTRAINT; Schema: public; Owner: -
--

ALTER TABLE ONLY public."LayerInstructions"
    ADD CONSTRAINT "FK_LayerInstructions_WeldPassages_WeldPassageId" FOREIGN KEY ("WeldPassageId") REFERENCES public."WeldPassages"("Id");


--
-- Name: Masters FK_Masters_Users_UserId; Type: FK CONSTRAINT; Schema: public; Owner: -
--

ALTER TABLE ONLY public."Masters"
    ADD CONSTRAINT "FK_Masters_Users_UserId" FOREIGN KEY ("UserId") REFERENCES public."Users"("Id") ON DELETE CASCADE;


--
-- Name: Posts FK_Posts_ProductionAreas_ProductionAreaId; Type: FK CONSTRAINT; Schema: public; Owner: -
--

ALTER TABLE ONLY public."Posts"
    ADD CONSTRAINT "FK_Posts_ProductionAreas_ProductionAreaId" FOREIGN KEY ("ProductionAreaId") REFERENCES public."ProductionAreas"("Id") ON DELETE CASCADE;


--
-- Name: ProductInsides FK_ProductInsides_Products_InsideProductId; Type: FK CONSTRAINT; Schema: public; Owner: -
--

ALTER TABLE ONLY public."ProductInsides"
    ADD CONSTRAINT "FK_ProductInsides_Products_InsideProductId" FOREIGN KEY ("InsideProductId") REFERENCES public."Products"("Id") ON DELETE RESTRICT;


--
-- Name: ProductInsides FK_ProductInsides_Products_MainProductId; Type: FK CONSTRAINT; Schema: public; Owner: -
--

ALTER TABLE ONLY public."ProductInsides"
    ADD CONSTRAINT "FK_ProductInsides_Products_MainProductId" FOREIGN KEY ("MainProductId") REFERENCES public."Products"("Id") ON DELETE CASCADE;


--
-- Name: ProductionAreas FK_ProductionAreas_Workshops_WorkshopId; Type: FK CONSTRAINT; Schema: public; Owner: -
--

ALTER TABLE ONLY public."ProductionAreas"
    ADD CONSTRAINT "FK_ProductionAreas_Workshops_WorkshopId" FOREIGN KEY ("WorkshopId") REFERENCES public."Workshops"("Id") ON DELETE CASCADE;


--
-- Name: Products FK_Products_ProductionAreas_ProductionAreaId; Type: FK CONSTRAINT; Schema: public; Owner: -
--

ALTER TABLE ONLY public."Products"
    ADD CONSTRAINT "FK_Products_ProductionAreas_ProductionAreaId" FOREIGN KEY ("ProductionAreaId") REFERENCES public."ProductionAreas"("Id");


--
-- Name: Products FK_Products_Workplaces_WorkplaceId; Type: FK CONSTRAINT; Schema: public; Owner: -
--

ALTER TABLE ONLY public."Products"
    ADD CONSTRAINT "FK_Products_Workplaces_WorkplaceId" FOREIGN KEY ("WorkplaceId") REFERENCES public."Workplaces"("Id");


--
-- Name: Seams FK_Seams_ProductionAreas_ProductionAreaId; Type: FK CONSTRAINT; Schema: public; Owner: -
--

ALTER TABLE ONLY public."Seams"
    ADD CONSTRAINT "FK_Seams_ProductionAreas_ProductionAreaId" FOREIGN KEY ("ProductionAreaId") REFERENCES public."ProductionAreas"("Id");


--
-- Name: Seams FK_Seams_Products_ProductId; Type: FK CONSTRAINT; Schema: public; Owner: -
--

ALTER TABLE ONLY public."Seams"
    ADD CONSTRAINT "FK_Seams_Products_ProductId" FOREIGN KEY ("ProductId") REFERENCES public."Products"("Id");


--
-- Name: Seams FK_Seams_Workplaces_WorkplaceId; Type: FK CONSTRAINT; Schema: public; Owner: -
--

ALTER TABLE ONLY public."Seams"
    ADD CONSTRAINT "FK_Seams_Workplaces_WorkplaceId" FOREIGN KEY ("WorkplaceId") REFERENCES public."Workplaces"("Id");


--
-- Name: TechnologicalInstruction FK_TechnologicalInstruction_Seams_SeamId; Type: FK CONSTRAINT; Schema: public; Owner: -
--

ALTER TABLE ONLY public."TechnologicalInstruction"
    ADD CONSTRAINT "FK_TechnologicalInstruction_Seams_SeamId" FOREIGN KEY ("SeamId") REFERENCES public."Seams"("Id") ON DELETE CASCADE;


--
-- Name: TechnologicalInstruction FK_TechnologicalInstruction_TechnologicalProcesses_Technologic~; Type: FK CONSTRAINT; Schema: public; Owner: -
--

ALTER TABLE ONLY public."TechnologicalInstruction"
    ADD CONSTRAINT "FK_TechnologicalInstruction_TechnologicalProcesses_Technologic~" FOREIGN KEY ("TechnologicalProcessId") REFERENCES public."TechnologicalProcesses"("Id");


--
-- Name: TechnologicalProcesses FK_TechnologicalProcesses_Products_ProductId; Type: FK CONSTRAINT; Schema: public; Owner: -
--

ALTER TABLE ONLY public."TechnologicalProcesses"
    ADD CONSTRAINT "FK_TechnologicalProcesses_Products_ProductId" FOREIGN KEY ("ProductId") REFERENCES public."Products"("Id");


--
-- Name: UserRoles FK_UserRoles_Roles_RoleId; Type: FK CONSTRAINT; Schema: public; Owner: -
--

ALTER TABLE ONLY public."UserRoles"
    ADD CONSTRAINT "FK_UserRoles_Roles_RoleId" FOREIGN KEY ("RoleId") REFERENCES public."Roles"("Id") ON DELETE CASCADE;


--
-- Name: UserRoles FK_UserRoles_Users_UserId; Type: FK CONSTRAINT; Schema: public; Owner: -
--

ALTER TABLE ONLY public."UserRoles"
    ADD CONSTRAINT "FK_UserRoles_Users_UserId" FOREIGN KEY ("UserId") REFERENCES public."Users"("Id") ON DELETE CASCADE;


--
-- Name: Users FK_Users_ProductionAreas_ProductionAreaId; Type: FK CONSTRAINT; Schema: public; Owner: -
--

ALTER TABLE ONLY public."Users"
    ADD CONSTRAINT "FK_Users_ProductionAreas_ProductionAreaId" FOREIGN KEY ("ProductionAreaId") REFERENCES public."ProductionAreas"("Id");


--
-- Name: WeldPassages FK_WeldPassages_Seams_SeamId; Type: FK CONSTRAINT; Schema: public; Owner: -
--

ALTER TABLE ONLY public."WeldPassages"
    ADD CONSTRAINT "FK_WeldPassages_Seams_SeamId" FOREIGN KEY ("SeamId") REFERENCES public."Seams"("Id") ON DELETE CASCADE;


--
-- Name: WeldPassages FK_WeldPassages_TechnologicalInstruction_TechnologicalInstruct~; Type: FK CONSTRAINT; Schema: public; Owner: -
--

ALTER TABLE ONLY public."WeldPassages"
    ADD CONSTRAINT "FK_WeldPassages_TechnologicalInstruction_TechnologicalInstruct~" FOREIGN KEY ("TechnologicalInstructionId") REFERENCES public."TechnologicalInstruction"("Id") ON DELETE CASCADE;


--
-- Name: Welders FK_Welders_Calendars_CalendarId; Type: FK CONSTRAINT; Schema: public; Owner: -
--

ALTER TABLE ONLY public."Welders"
    ADD CONSTRAINT "FK_Welders_Calendars_CalendarId" FOREIGN KEY ("CalendarId") REFERENCES public."Calendars"("Id");


--
-- Name: Welders FK_Welders_Users_UserId; Type: FK CONSTRAINT; Schema: public; Owner: -
--

ALTER TABLE ONLY public."Welders"
    ADD CONSTRAINT "FK_Welders_Users_UserId" FOREIGN KEY ("UserId") REFERENCES public."Users"("Id") ON DELETE CASCADE;


--
-- Name: Welders FK_Welders_Workplaces_WorkplaceId; Type: FK CONSTRAINT; Schema: public; Owner: -
--

ALTER TABLE ONLY public."Welders"
    ADD CONSTRAINT "FK_Welders_Workplaces_WorkplaceId" FOREIGN KEY ("WorkplaceId") REFERENCES public."Workplaces"("Id");


--
-- Name: WeldingEquipmentWorkingShifts FK_WeldingEquipmentWorkingShifts_WeldingEquipmentConditionTime~; Type: FK CONSTRAINT; Schema: public; Owner: -
--

ALTER TABLE ONLY public."WeldingEquipmentWorkingShifts"
    ADD CONSTRAINT "FK_WeldingEquipmentWorkingShifts_WeldingEquipmentConditionTime~" FOREIGN KEY ("WeldingEquipmentConditionTimeId") REFERENCES public."WeldingEquipmentConditionTimes"("Id") ON DELETE CASCADE;


--
-- Name: WeldingEquipmentWorkingShifts FK_WeldingEquipmentWorkingShifts_WeldingEquipments_WeldingEqui~; Type: FK CONSTRAINT; Schema: public; Owner: -
--

ALTER TABLE ONLY public."WeldingEquipmentWorkingShifts"
    ADD CONSTRAINT "FK_WeldingEquipmentWorkingShifts_WeldingEquipments_WeldingEqui~" FOREIGN KEY ("WeldingEquipmentId") REFERENCES public."WeldingEquipments"("Id") ON DELETE CASCADE;


--
-- Name: WeldingEquipmentWorkingShifts FK_WeldingEquipmentWorkingShifts_WorkingShifts_WorkingShiftId; Type: FK CONSTRAINT; Schema: public; Owner: -
--

ALTER TABLE ONLY public."WeldingEquipmentWorkingShifts"
    ADD CONSTRAINT "FK_WeldingEquipmentWorkingShifts_WorkingShifts_WorkingShiftId" FOREIGN KEY ("WorkingShiftId") REFERENCES public."WorkingShifts"("Id") ON DELETE CASCADE;


--
-- Name: WeldingEquipments FK_WeldingEquipments_Calendars_CalendarId; Type: FK CONSTRAINT; Schema: public; Owner: -
--

ALTER TABLE ONLY public."WeldingEquipments"
    ADD CONSTRAINT "FK_WeldingEquipments_Calendars_CalendarId" FOREIGN KEY ("CalendarId") REFERENCES public."Calendars"("Id");


--
-- Name: WeldingEquipments FK_WeldingEquipments_Masters_MasterId; Type: FK CONSTRAINT; Schema: public; Owner: -
--

ALTER TABLE ONLY public."WeldingEquipments"
    ADD CONSTRAINT "FK_WeldingEquipments_Masters_MasterId" FOREIGN KEY ("MasterId") REFERENCES public."Masters"("Id");


--
-- Name: WeldingEquipments FK_WeldingEquipments_Posts_PostId; Type: FK CONSTRAINT; Schema: public; Owner: -
--

ALTER TABLE ONLY public."WeldingEquipments"
    ADD CONSTRAINT "FK_WeldingEquipments_Posts_PostId" FOREIGN KEY ("PostId") REFERENCES public."Posts"("Id");


--
-- Name: WeldingEquipments FK_WeldingEquipments_Welders_WelderId; Type: FK CONSTRAINT; Schema: public; Owner: -
--

ALTER TABLE ONLY public."WeldingEquipments"
    ADD CONSTRAINT "FK_WeldingEquipments_Welders_WelderId" FOREIGN KEY ("WelderId") REFERENCES public."Welders"("Id");


--
-- Name: WeldingTasks FK_WeldingTasks_Inspectors_InspectorId; Type: FK CONSTRAINT; Schema: public; Owner: -
--

ALTER TABLE ONLY public."WeldingTasks"
    ADD CONSTRAINT "FK_WeldingTasks_Inspectors_InspectorId" FOREIGN KEY ("InspectorId") REFERENCES public."Inspectors"("Id") ON DELETE CASCADE;


--
-- Name: WeldingTasks FK_WeldingTasks_Masters_MasterId; Type: FK CONSTRAINT; Schema: public; Owner: -
--

ALTER TABLE ONLY public."WeldingTasks"
    ADD CONSTRAINT "FK_WeldingTasks_Masters_MasterId" FOREIGN KEY ("MasterId") REFERENCES public."Masters"("Id") ON DELETE CASCADE;


--
-- Name: WeldingTasks FK_WeldingTasks_Products_ProductId; Type: FK CONSTRAINT; Schema: public; Owner: -
--

ALTER TABLE ONLY public."WeldingTasks"
    ADD CONSTRAINT "FK_WeldingTasks_Products_ProductId" FOREIGN KEY ("ProductId") REFERENCES public."Products"("Id");


--
-- Name: WeldingTasks FK_WeldingTasks_Seams_SeamId; Type: FK CONSTRAINT; Schema: public; Owner: -
--

ALTER TABLE ONLY public."WeldingTasks"
    ADD CONSTRAINT "FK_WeldingTasks_Seams_SeamId" FOREIGN KEY ("SeamId") REFERENCES public."Seams"("Id");


--
-- Name: WeldingTasks FK_WeldingTasks_Welders_WelderId; Type: FK CONSTRAINT; Schema: public; Owner: -
--

ALTER TABLE ONLY public."WeldingTasks"
    ADD CONSTRAINT "FK_WeldingTasks_Welders_WelderId" FOREIGN KEY ("WelderId") REFERENCES public."Welders"("Id") ON DELETE CASCADE;


--
-- Name: WorkingShifts FK_WorkingShifts_Days_DayId; Type: FK CONSTRAINT; Schema: public; Owner: -
--

ALTER TABLE ONLY public."WorkingShifts"
    ADD CONSTRAINT "FK_WorkingShifts_Days_DayId" FOREIGN KEY ("DayId") REFERENCES public."Days"("Id") ON DELETE CASCADE;


--
-- Name: Workplaces FK_Workplaces_Posts_PostId; Type: FK CONSTRAINT; Schema: public; Owner: -
--

ALTER TABLE ONLY public."Workplaces"
    ADD CONSTRAINT "FK_Workplaces_Posts_PostId" FOREIGN KEY ("PostId") REFERENCES public."Posts"("Id");


--
-- Name: Workplaces FK_Workplaces_ProductionAreas_ProductionAreaId; Type: FK CONSTRAINT; Schema: public; Owner: -
--

ALTER TABLE ONLY public."Workplaces"
    ADD CONSTRAINT "FK_Workplaces_ProductionAreas_ProductionAreaId" FOREIGN KEY ("ProductionAreaId") REFERENCES public."ProductionAreas"("Id");


--
-- PostgreSQL database dump complete
--

