--
-- PostgreSQL database dump
--

-- Dumped from database version 14.5
-- Dumped by pg_dump version 14.5

SET statement_timeout = 0;
SET lock_timeout = 0;
SET idle_in_transaction_session_timeout = 0;
SET client_encoding = 'UTF8';
SET standard_conforming_strings = on;
SELECT pg_catalog.set_config('search_path', '', false);
SET check_function_bodies = false;
SET xmloption = content;
SET client_min_messages = warning;
SET row_security = off;

SET default_tablespace = '';

SET default_table_access_method = heap;

--
-- Name: Calendars; Type: TABLE; Schema: public; Owner: -
--

CREATE TABLE public."Calendars" (
    "Id" uuid NOT NULL,
    "Year" integer NOT NULL,
    "IsMain" boolean NOT NULL
);


--
-- Name: Chiefs; Type: TABLE; Schema: public; Owner: -
--

CREATE TABLE public."Chiefs" (
    "Id" uuid NOT NULL,
    "UserId" uuid NOT NULL,
    "WeldingEquipmentId" uuid
);


--
-- Name: Days; Type: TABLE; Schema: public; Owner: -
--

CREATE TABLE public."Days" (
    "Id" uuid NOT NULL,
    "MonthNumber" integer NOT NULL,
    "Number" integer NOT NULL,
    "BreakBetweenShifts" integer,
    "CalendarId" uuid NOT NULL
);


--
-- Name: EventLogs; Type: TABLE; Schema: public; Owner: -
--

CREATE TABLE public."EventLogs" (
    "Id" uuid NOT NULL,
    "Information" character varying(200) NOT NULL,
    "DateTime" timestamp without time zone NOT NULL,
    "UserId" uuid
);


--
-- Name: Inspectors; Type: TABLE; Schema: public; Owner: -
--

CREATE TABLE public."Inspectors" (
    "Id" uuid NOT NULL,
    "UserId" uuid NOT NULL
);


--
-- Name: LayerInstructions; Type: TABLE; Schema: public; Owner: -
--

CREATE TABLE public."LayerInstructions" (
    "Id" uuid NOT NULL,
    "WeldingCurrentMin" double precision NOT NULL,
    "WeldingCurrentMax" double precision NOT NULL,
    "ArcVoltageMin" double precision,
    "ArcVoltageMax" double precision,
    "PreheatingTemperatureMin" double precision NOT NULL,
    "PreheatingTemperatureMax" double precision NOT NULL,
    "WeldPassageId" uuid
);


--
-- Name: Masters; Type: TABLE; Schema: public; Owner: -
--

CREATE TABLE public."Masters" (
    "Id" uuid NOT NULL,
    "UserId" uuid NOT NULL,
    "WeldingEquipmentId" uuid
);


--
-- Name: Posts; Type: TABLE; Schema: public; Owner: -
--

CREATE TABLE public."Posts" (
    "Id" uuid NOT NULL,
    "Number" integer NOT NULL,
    "ProductionAreaId" uuid NOT NULL
);


--
-- Name: ProductInsides; Type: TABLE; Schema: public; Owner: -
--

CREATE TABLE public."ProductInsides" (
    "MainProductId" uuid NOT NULL,
    "InsideProductId" uuid NOT NULL
);


--
-- Name: ProductionAreas; Type: TABLE; Schema: public; Owner: -
--

CREATE TABLE public."ProductionAreas" (
    "Id" uuid NOT NULL,
    "Name" text NOT NULL,
    "Number" integer NOT NULL,
    "WorkshopId" uuid NOT NULL
);


--
-- Name: Products; Type: TABLE; Schema: public; Owner: -
--

CREATE TABLE public."Products" (
    "Id" uuid NOT NULL,
    "Name" text,
    "Number" integer NOT NULL,
    "IsControlSubject" boolean NOT NULL,
    "ProductType" integer NOT NULL,
    "TechnologicalProcessId" uuid,
    "ProductionAreaId" uuid,
    "WorkplaceId" uuid
);


--
-- Name: Roles; Type: TABLE; Schema: public; Owner: -
--

CREATE TABLE public."Roles" (
    "Id" uuid NOT NULL,
    "Name" text NOT NULL
);


--
-- Name: Seams; Type: TABLE; Schema: public; Owner: -
--

CREATE TABLE public."Seams" (
    "Id" uuid NOT NULL,
    "Number" integer NOT NULL,
    "IsControlSubject" boolean NOT NULL,
    "ProductId" uuid,
    "ProductionAreaId" uuid,
    "WorkplaceId" uuid
);


--
-- Name: TechnologicalInstruction; Type: TABLE; Schema: public; Owner: -
--

CREATE TABLE public."TechnologicalInstruction" (
    "Id" uuid NOT NULL,
    "Number" integer NOT NULL,
    "Name" text NOT NULL,
    "SeamId" uuid NOT NULL,
    "TechnologicalProcessId" uuid
);


--
-- Name: TechnologicalProcesses; Type: TABLE; Schema: public; Owner: -
--

CREATE TABLE public."TechnologicalProcesses" (
    "Id" uuid NOT NULL,
    "Number" integer NOT NULL,
    "Name" text NOT NULL,
    "PdmSystemFileLink" text NOT NULL
);


--
-- Name: UserRoles; Type: TABLE; Schema: public; Owner: -
--

CREATE TABLE public."UserRoles" (
    "UserId" uuid NOT NULL,
    "RoleId" uuid NOT NULL
);


--
-- Name: Users; Type: TABLE; Schema: public; Owner: -
--

CREATE TABLE public."Users" (
    "Id" uuid NOT NULL,
    "FirstName" text NOT NULL,
    "LastName" text NOT NULL,
    "MiddleName" text NOT NULL,
    "UserName" text,
    "Email" text,
    "PasswordHash" text,
    "Position" text,
    "ServiceNumber" text,
    "CertificateValidityPeriod" timestamp without time zone,
    "RfidTag" text,
    "ProductionAreaId" uuid
);


--
-- Name: WeldPassages; Type: TABLE; Schema: public; Owner: -
--

CREATE TABLE public."WeldPassages" (
    "Id" uuid NOT NULL,
    "Name" text NOT NULL,
    "WeldingCurrentMin" double precision NOT NULL,
    "WeldingCurrentMax" double precision NOT NULL,
    "ArcVoltageMin" double precision,
    "ArcVoltageMax" double precision,
    "PreheatingTemperatureMin" double precision NOT NULL,
    "PreheatingTemperatureMax" double precision NOT NULL,
    "SeamId" uuid NOT NULL,
    "TechnologicalInstructionId" uuid NOT NULL
);


--
-- Name: Welders; Type: TABLE; Schema: public; Owner: -
--

CREATE TABLE public."Welders" (
    "Id" uuid NOT NULL,
    "UserId" uuid NOT NULL,
    "WorkplaceId" uuid,
    "CalendarId" uuid,
    "WeldingEquipmentId" uuid
);


--
-- Name: WeldingEquipmentConditionTimes; Type: TABLE; Schema: public; Owner: -
--

CREATE TABLE public."WeldingEquipmentConditionTimes" (
    "Id" uuid NOT NULL,
    "Condition" integer NOT NULL,
    "DowntimeReason" text,
    "ChangeConditionTime" interval,
    "Time" integer NOT NULL
);


--
-- Name: WeldingEquipmentWorkingShifts; Type: TABLE; Schema: public; Owner: -
--

CREATE TABLE public."WeldingEquipmentWorkingShifts" (
    "WeldingEquipmentId" uuid NOT NULL,
    "WorkingShiftId" uuid NOT NULL,
    "WeldingEquipmentConditionTimeId" uuid NOT NULL
);


--
-- Name: WeldingEquipments; Type: TABLE; Schema: public; Owner: -
--

CREATE TABLE public."WeldingEquipments" (
    "Id" uuid NOT NULL,
    "RfidTag" text NOT NULL,
    "Name" text NOT NULL,
    "Marking" text NOT NULL,
    "FactoryNumber" text NOT NULL,
    "CommissioningDate" timestamp without time zone NOT NULL,
    "CurrentCondition" integer NOT NULL,
    "Height" integer NOT NULL,
    "Width" integer NOT NULL,
    "Lenght" integer NOT NULL,
    "GroupNumber" integer NOT NULL,
    "ManufacturerName" text NOT NULL,
    "NextAttestationDate" timestamp without time zone NOT NULL,
    "WeldingProcess" text NOT NULL,
    "IdleVoltage" double precision NOT NULL,
    "WeldingCurrentMin" double precision NOT NULL,
    "WeldingCurrentMax" double precision NOT NULL,
    "ArcVoltageMin" double precision NOT NULL,
    "ArcVoltageMax" double precision NOT NULL,
    "PostId" uuid,
    "CalendarId" uuid
);


--
-- Name: WeldingTasks; Type: TABLE; Schema: public; Owner: -
--

CREATE TABLE public."WeldingTasks" (
    "Id" uuid NOT NULL,
    "Number" integer NOT NULL,
    "WelderId" uuid NOT NULL,
    "MasterId" uuid NOT NULL,
    "InspectorId" uuid NOT NULL,
    "WeldingDate" timestamp without time zone NOT NULL,
    "WeldingStartTime" timestamp without time zone,
    "WeldingEndTime" timestamp without time zone,
    "AmbientTemperature" integer NOT NULL,
    "AirHumidity" integer NOT NULL,
    "InterlayerTemperature" integer NOT NULL,
    "CurrentLayerNumber" integer NOT NULL,
    "PreheatingTemperature" integer NOT NULL,
    "Status" integer NOT NULL,
    "DefectReasons" text,
    "DefectsDetected" text,
    "WeldingCurrentValues" double precision[],
    "ArcVoltageValues" double precision[],
    "ShortTermDeviation" double precision,
    "LongTermDeviation" double precision,
    "BasicMaterial" text NOT NULL,
    "MainMaterialBatchNumber" text NOT NULL,
    "WeldingMaterial" text NOT NULL,
    "WeldingMaterialBatchNumber" text NOT NULL,
    "ProtectiveGas" text,
    "ProtectiveGasBatchNumber" text,
    "ProductId" uuid,
    "SeamId" uuid
);


--
-- Name: WorkingShifts; Type: TABLE; Schema: public; Owner: -
--

CREATE TABLE public."WorkingShifts" (
    "Id" uuid NOT NULL,
    "Number" integer NOT NULL,
    "ShiftStart" interval NOT NULL,
    "ShiftEnd" interval NOT NULL,
    "DayId" uuid NOT NULL
);


--
-- Name: Workplaces; Type: TABLE; Schema: public; Owner: -
--

CREATE TABLE public."Workplaces" (
    "Id" uuid NOT NULL,
    "Number" integer NOT NULL,
    "PostId" uuid,
    "ProductionAreaId" uuid
);


--
-- Name: Workshops; Type: TABLE; Schema: public; Owner: -
--

CREATE TABLE public."Workshops" (
    "Id" uuid NOT NULL,
    "Name" text NOT NULL,
    "Number" integer NOT NULL
);


--
-- Data for Name: Calendars; Type: TABLE DATA; Schema: public; Owner: -
--

COPY public."Calendars" ("Id", "Year", "IsMain") FROM stdin;
27f8d01a-b8e0-4035-8322-12dc56654c14	2022	t
\.


--
-- Data for Name: Chiefs; Type: TABLE DATA; Schema: public; Owner: -
--

COPY public."Chiefs" ("Id", "UserId", "WeldingEquipmentId") FROM stdin;
24da51d3-0ac9-45ce-b3a9-611a22aa0ea6	54f73f47-60e1-4e6b-afc7-972873236dc5	\N
\.


--
-- Data for Name: Days; Type: TABLE DATA; Schema: public; Owner: -
--

COPY public."Days" ("Id", "MonthNumber", "Number", "BreakBetweenShifts", "CalendarId") FROM stdin;
66edee4e-2b80-445b-b16b-ad6b0a964a0a	1	1	30	27f8d01a-b8e0-4035-8322-12dc56654c14
\.


--
-- Data for Name: EventLogs; Type: TABLE DATA; Schema: public; Owner: -
--

COPY public."EventLogs" ("Id", "Information", "DateTime", "UserId") FROM stdin;
\.


--
-- Data for Name: Inspectors; Type: TABLE DATA; Schema: public; Owner: -
--

COPY public."Inspectors" ("Id", "UserId") FROM stdin;
26358587-e108-4173-a9ac-06d65b257bd1	7be51056-22de-41c6-9dae-076ac668ea5f
\.


--
-- Data for Name: LayerInstructions; Type: TABLE DATA; Schema: public; Owner: -
--

COPY public."LayerInstructions" ("Id", "WeldingCurrentMin", "WeldingCurrentMax", "ArcVoltageMin", "ArcVoltageMax", "PreheatingTemperatureMin", "PreheatingTemperatureMax", "WeldPassageId") FROM stdin;
\.


--
-- Data for Name: Masters; Type: TABLE DATA; Schema: public; Owner: -
--

COPY public."Masters" ("Id", "UserId", "WeldingEquipmentId") FROM stdin;
6f08d4df-b70f-4df7-98ee-31746d9d47e6	60e2795d-781d-4868-a2fa-0be9ea4dea99	977d922f-e3c3-4b5b-8609-4de466650aad
\.


--
-- Data for Name: Posts; Type: TABLE DATA; Schema: public; Owner: -
--

COPY public."Posts" ("Id", "Number", "ProductionAreaId") FROM stdin;
25eb9ecd-d82c-4dee-8a1f-1fde6be8da77	2	8e19bdc2-0fc2-4beb-843f-d28090087010
77868873-6789-453d-a154-6cad3ac3264b	1	7324bf38-98ce-4b95-849f-3ebdbc59aa64
f35b3841-40d6-413d-9cfb-170c1b94c6b2	3	dadbf6ba-7b25-4f4f-aa80-6e7a566baac4
\.


--
-- Data for Name: ProductInsides; Type: TABLE DATA; Schema: public; Owner: -
--

COPY public."ProductInsides" ("MainProductId", "InsideProductId") FROM stdin;
cfd71f62-cd3d-4556-ab51-f1726b0414ef	2d23825c-7889-443d-bf30-1f441b3cc67f
27e18cb3-f652-4862-ac41-1b5b77a84bef	33f9bb20-c489-4d21-b6d8-cc207179530f
27e18cb3-f652-4862-ac41-1b5b77a84bef	5b26c2b0-7adb-4641-83cb-3a2ba6faec0f
cfd71f62-cd3d-4556-ab51-f1726b0414ef	7ac42d90-80d0-428b-bb7c-35bac9e8cff0
\.


--
-- Data for Name: ProductionAreas; Type: TABLE DATA; Schema: public; Owner: -
--

COPY public."ProductionAreas" ("Id", "Name", "Number", "WorkshopId") FROM stdin;
7324bf38-98ce-4b95-849f-3ebdbc59aa64	Производственный участок 1	1	dd961c80-0d8d-421f-b52b-8da75116da47
8e19bdc2-0fc2-4beb-843f-d28090087010	Производственный участок 2	2	dd961c80-0d8d-421f-b52b-8da75116da47
dadbf6ba-7b25-4f4f-aa80-6e7a566baac4	Производственный участок 3	3	dd961c80-0d8d-421f-b52b-8da75116da47
\.


--
-- Data for Name: Products; Type: TABLE DATA; Schema: public; Owner: -
--

COPY public."Products" ("Id", "Name", "Number", "IsControlSubject", "ProductType", "TechnologicalProcessId", "ProductionAreaId", "WorkplaceId") FROM stdin;
2d23825c-7889-443d-bf30-1f441b3cc67f	Деталь 1	1	f	3	\N	7324bf38-98ce-4b95-849f-3ebdbc59aa64	25826fa4-4ea2-4756-a958-601ec4158681
33f9bb20-c489-4d21-b6d8-cc207179530f	Деталь 2	2	t	3	\N	7324bf38-98ce-4b95-849f-3ebdbc59aa64	25826fa4-4ea2-4756-a958-601ec4158681
5b26c2b0-7adb-4641-83cb-3a2ba6faec0f	Узел 2	2	f	2	\N	7324bf38-98ce-4b95-849f-3ebdbc59aa64	25826fa4-4ea2-4756-a958-601ec4158681
7ac42d90-80d0-428b-bb7c-35bac9e8cff0	Узел 1	1	f	2	\N	7324bf38-98ce-4b95-849f-3ebdbc59aa64	25826fa4-4ea2-4756-a958-601ec4158681
27e18cb3-f652-4862-ac41-1b5b77a84bef	Изделие 2	2	f	1	0c7fb597-8743-4c72-87be-6a1f11e47598	7324bf38-98ce-4b95-849f-3ebdbc59aa64	25826fa4-4ea2-4756-a958-601ec4158681
cfd71f62-cd3d-4556-ab51-f1726b0414ef	Изделие 1	1	t	1	cb9f28e1-e595-4ab5-85ce-5c89c6249044	7324bf38-98ce-4b95-849f-3ebdbc59aa64	25826fa4-4ea2-4756-a958-601ec4158681
\.


--
-- Data for Name: Roles; Type: TABLE DATA; Schema: public; Owner: -
--

COPY public."Roles" ("Id", "Name") FROM stdin;
3cff879f-45e3-4223-a80d-02a2ce7476cc	Admin
84e08097-9020-4bf0-b39b-d9149239fa62	Master
aecbccf7-12be-4a74-9e10-b64decbfb903	Executor
dee43710-e6cc-4785-9811-cde4ecf59c40	TechUser
28ef4057-ef60-46c0-aa6d-22a55123126a	Chief
\.


--
-- Data for Name: Seams; Type: TABLE DATA; Schema: public; Owner: -
--

COPY public."Seams" ("Id", "Number", "IsControlSubject", "ProductId", "ProductionAreaId", "WorkplaceId") FROM stdin;
b8dcf6a8-8f2d-400d-a0f4-f9e9d3754686	2	t	27e18cb3-f652-4862-ac41-1b5b77a84bef	7324bf38-98ce-4b95-849f-3ebdbc59aa64	25826fa4-4ea2-4756-a958-601ec4158681
deb02824-0b05-4e94-8fb0-74b363a68a61	1	f	cfd71f62-cd3d-4556-ab51-f1726b0414ef	7324bf38-98ce-4b95-849f-3ebdbc59aa64	25826fa4-4ea2-4756-a958-601ec4158681
\.


--
-- Data for Name: TechnologicalInstruction; Type: TABLE DATA; Schema: public; Owner: -
--

COPY public."TechnologicalInstruction" ("Id", "Number", "Name", "SeamId", "TechnologicalProcessId") FROM stdin;
c79c8440-c709-425e-8d38-3e8fa867a78a	2	Инструкция 2	b8dcf6a8-8f2d-400d-a0f4-f9e9d3754686	0c7fb597-8743-4c72-87be-6a1f11e47598
d533f7e0-0343-49cf-8073-16970fa45d18	1	Инструкция 1	deb02824-0b05-4e94-8fb0-74b363a68a61	cb9f28e1-e595-4ab5-85ce-5c89c6249044
\.


--
-- Data for Name: TechnologicalProcesses; Type: TABLE DATA; Schema: public; Owner: -
--

COPY public."TechnologicalProcesses" ("Id", "Number", "Name", "PdmSystemFileLink") FROM stdin;
0c7fb597-8743-4c72-87be-6a1f11e47598	2	Технологический процесс 2	Ссылка
cb9f28e1-e595-4ab5-85ce-5c89c6249044	1	Технологический процесс 1	Ссылка
\.


--
-- Data for Name: UserRoles; Type: TABLE DATA; Schema: public; Owner: -
--

COPY public."UserRoles" ("UserId", "RoleId") FROM stdin;
54f73f47-60e1-4e6b-afc7-972873236dc5	28ef4057-ef60-46c0-aa6d-22a55123126a
5b977dfd-3834-4ce7-8215-5a093afa9fe7	aecbccf7-12be-4a74-9e10-b64decbfb903
6838b2b7-316b-461b-827b-aeea07046733	aecbccf7-12be-4a74-9e10-b64decbfb903
9100a0ee-14f5-4225-bb97-e39aacf04e22	aecbccf7-12be-4a74-9e10-b64decbfb903
7be51056-22de-41c6-9dae-076ac668ea5f	dee43710-e6cc-4785-9811-cde4ecf59c40
60e2795d-781d-4868-a2fa-0be9ea4dea99	84e08097-9020-4bf0-b39b-d9149239fa62
10f4f97d-014d-42bc-a1d4-20a4c412d55c	3cff879f-45e3-4223-a80d-02a2ce7476cc
\.


--
-- Data for Name: Users; Type: TABLE DATA; Schema: public; Owner: -
--

COPY public."Users" ("Id", "FirstName", "LastName", "MiddleName", "UserName", "Email", "PasswordHash", "Position", "ServiceNumber", "CertificateValidityPeriod", "RfidTag", "ProductionAreaId") FROM stdin;
54f73f47-60e1-4e6b-afc7-972873236dc5	Имя начальника цеха	Отчество начальника цеха	Фамилия начальника цеха	UserName	Email	PasswordHash	Должность 1	Табельный номер  1	2025-02-02 00:00:00	RFID метка начальника цеха 1	7324bf38-98ce-4b95-849f-3ebdbc59aa64
5b977dfd-3834-4ce7-8215-5a093afa9fe7	Имя 1	Отчество 1	Фамилия 1	UserName	Email	PasswordHash	Должность 1	Табельный номер  1	2025-02-02 00:00:00	RFID метка сварщика 1	7324bf38-98ce-4b95-849f-3ebdbc59aa64
6838b2b7-316b-461b-827b-aeea07046733	Имя 3	Отчество 3	Фамилия 3	UserName	Email	PasswordHash	Должность 3	Табельный номер 3	2025-03-03 00:00:00	RFID метка сварщика 3	dadbf6ba-7b25-4f4f-aa80-6e7a566baac4
9100a0ee-14f5-4225-bb97-e39aacf04e22	Имя 2	Отчество 2	Фамилия 2	UserName	Email	PasswordHash	Должность 2	Табельный номер  2	2025-01-01 00:00:00	RFID метка сварщика 2	8e19bdc2-0fc2-4beb-843f-d28090087010
7be51056-22de-41c6-9dae-076ac668ea5f	Имя Контролера	Имя Контролера	Имя Контролера	UserName	Email	PasswordHash	Должность 1	Табельный номер  1	2025-02-02 00:00:00	RFID метка проверяющего 1	7324bf38-98ce-4b95-849f-3ebdbc59aa64
60e2795d-781d-4868-a2fa-0be9ea4dea99	Имя мастера	Отчество мастера	Фамилия мастера	UserName	Email	PasswordHash	Должность 1	Табельный номер  1	2025-02-02 00:00:00	RFID метка проверяющего 1	7324bf38-98ce-4b95-849f-3ebdbc59aa64
10f4f97d-014d-42bc-a1d4-20a4c412d55c	Admin	Adminovich	Admin	admin1@admin.com	admin@admin.com	$MYHASH$V1$10000$+JbApnxr9pqPeUCg46o7vaWIkcEQ7Yf/UpeJannMFg0EC1Pu	\N	\N	\N	\N	\N
\.


--
-- Data for Name: WeldPassages; Type: TABLE DATA; Schema: public; Owner: -
--

COPY public."WeldPassages" ("Id", "Name", "WeldingCurrentMin", "WeldingCurrentMax", "ArcVoltageMin", "ArcVoltageMax", "PreheatingTemperatureMin", "PreheatingTemperatureMax", "SeamId", "TechnologicalInstructionId") FROM stdin;
14d3271d-4247-47a2-9f6f-9c9eecb3b052	Название прохода 1	1	100	5	50	10	60	b8dcf6a8-8f2d-400d-a0f4-f9e9d3754686	c79c8440-c709-425e-8d38-3e8fa867a78a
9ec0dcbf-c1b2-4a7c-a2bc-6298599420f7	Название прохода 1	1	100	5	50	10	60	deb02824-0b05-4e94-8fb0-74b363a68a61	d533f7e0-0343-49cf-8073-16970fa45d18
\.


--
-- Data for Name: Welders; Type: TABLE DATA; Schema: public; Owner: -
--

COPY public."Welders" ("Id", "UserId", "WorkplaceId", "CalendarId", "WeldingEquipmentId") FROM stdin;
3bfcaf3d-997c-4529-a104-94a573284e73	6838b2b7-316b-461b-827b-aeea07046733	dd7c71e1-38ce-4d1b-a531-e9cee354a34f	\N	fda3add6-6823-429c-ba35-881c07e2796f
51945bbb-2a11-4844-bf89-9c4ce3e9656f	9100a0ee-14f5-4225-bb97-e39aacf04e22	49ad33e2-a895-4d99-b690-adbab222a4ea	\N	aac04bd5-7beb-489f-b39f-20fecca77953
e6ad29b0-2531-4eb1-a260-5ede4ccb14e1	5b977dfd-3834-4ce7-8215-5a093afa9fe7	\N	\N	977d922f-e3c3-4b5b-8609-4de466650aad
\.


--
-- Data for Name: WeldingEquipmentConditionTimes; Type: TABLE DATA; Schema: public; Owner: -
--

COPY public."WeldingEquipmentConditionTimes" ("Id", "Condition", "DowntimeReason", "ChangeConditionTime", "Time") FROM stdin;
529a4b92-d705-4c50-b2f7-44779f1b2512	3	\N	\N	60
587403f0-5f46-4c29-adce-15ca22cf5fd1	3	\N	\N	60
79fc84b7-28cf-44cc-8ced-5bdef086b017	4	Какая-то причина простоя 3	12:50:00	60
9c81dd3a-9efa-4eee-ba36-90a5d5b42fd1	4	Какая-то причина простоя 2	19:30:00	10
a70327dc-a45f-44bc-a5d3-1e2872b71e62	3	\N	\N	30
bc0f75a6-3e54-4bb6-a929-5640b3f38f90	3	\N	\N	60
ceb93fb3-154e-45a7-b7a3-babdf421936e	4	Какая-то причина простоя	09:30:00	30
\.


--
-- Data for Name: WeldingEquipmentWorkingShifts; Type: TABLE DATA; Schema: public; Owner: -
--

COPY public."WeldingEquipmentWorkingShifts" ("WeldingEquipmentId", "WorkingShiftId", "WeldingEquipmentConditionTimeId") FROM stdin;
977d922f-e3c3-4b5b-8609-4de466650aad	2ecf8374-dc2e-4250-ae92-ff217fcc67f8	bc0f75a6-3e54-4bb6-a929-5640b3f38f90
977d922f-e3c3-4b5b-8609-4de466650aad	6e37c745-187c-41f4-8732-776bf83716dd	79fc84b7-28cf-44cc-8ced-5bdef086b017
aac04bd5-7beb-489f-b39f-20fecca77953	2ecf8374-dc2e-4250-ae92-ff217fcc67f8	587403f0-5f46-4c29-adce-15ca22cf5fd1
fda3add6-6823-429c-ba35-881c07e2796f	2ecf8374-dc2e-4250-ae92-ff217fcc67f8	529a4b92-d705-4c50-b2f7-44779f1b2512
fda3add6-6823-429c-ba35-881c07e2796f	2ecf8374-dc2e-4250-ae92-ff217fcc67f8	ceb93fb3-154e-45a7-b7a3-babdf421936e
fda3add6-6823-429c-ba35-881c07e2796f	6e37c745-187c-41f4-8732-776bf83716dd	a70327dc-a45f-44bc-a5d3-1e2872b71e62
fda3add6-6823-429c-ba35-881c07e2796f	8be53b6b-888a-45ce-950b-9a2a63913c5c	9c81dd3a-9efa-4eee-ba36-90a5d5b42fd1
\.


--
-- Data for Name: WeldingEquipments; Type: TABLE DATA; Schema: public; Owner: -
--

COPY public."WeldingEquipments" ("Id", "RfidTag", "Name", "Marking", "FactoryNumber", "CommissioningDate", "CurrentCondition", "Height", "Width", "Lenght", "GroupNumber", "ManufacturerName", "NextAttestationDate", "WeldingProcess", "IdleVoltage", "WeldingCurrentMin", "WeldingCurrentMax", "ArcVoltageMin", "ArcVoltageMax", "PostId", "CalendarId") FROM stdin;
977d922f-e3c3-4b5b-8609-4de466650aad	RFID метка 3	Какое-то оборудование 3	Маркировка 3	32	2022-02-23 00:00:00	3	20	30	40	3	Изготовитель 3	2024-02-05 00:00:00	Способ сварки 3	12.3	5.5	10.9	6.1	7.9	\N	\N
aac04bd5-7beb-489f-b39f-20fecca77953	RFID метка 2	Какое-то оборудование 2	Маркировка 2	22	2021-02-23 00:00:00	1	20	30	40	3	Изготовитель 2	2023-02-05 00:00:00	Способ сварки 2	12.3	5.5	10.9	6.1	7.9	77868873-6789-453d-a154-6cad3ac3264b	\N
fda3add6-6823-429c-ba35-881c07e2796f	RFID метка 1	Какое-то оборудование 1	Маркировка 1	12	2020-01-23 00:00:00	2	20	30	40	3	Изготовитель 1	2023-02-05 00:00:00	Способ сварки 1	12.3	5.5	10.9	6.1	7.9	77868873-6789-453d-a154-6cad3ac3264b	\N
\.


--
-- Data for Name: WeldingTasks; Type: TABLE DATA; Schema: public; Owner: -
--

COPY public."WeldingTasks" ("Id", "Number", "WelderId", "MasterId", "InspectorId", "WeldingDate", "WeldingStartTime", "WeldingEndTime", "AmbientTemperature", "AirHumidity", "InterlayerTemperature", "CurrentLayerNumber", "PreheatingTemperature", "Status", "DefectReasons", "DefectsDetected", "WeldingCurrentValues", "ArcVoltageValues", "ShortTermDeviation", "LongTermDeviation", "BasicMaterial", "MainMaterialBatchNumber", "WeldingMaterial", "WeldingMaterialBatchNumber", "ProtectiveGas", "ProtectiveGasBatchNumber", "ProductId", "SeamId") FROM stdin;
1ef89892-d849-4d3f-857a-778f876ed59e	2	3bfcaf3d-997c-4529-a104-94a573284e73	6f08d4df-b70f-4df7-98ee-31746d9d47e6	26358587-e108-4173-a9ac-06d65b257bd1	2022-01-01 00:00:00	2022-01-03 00:00:00	\N	3067	41	203	31	110	1	\N	\N	{1.2,2.3,6.8}	{11.2,2.33,26.8}	\N	\N	Основной материал	№ сертификата	варочные материалы	№ сертификата	\N	\N	cfd71f62-cd3d-4556-ab51-f1726b0414ef	\N
527328b0-aff1-491f-85b2-6cbcb28e3c6e	6	3bfcaf3d-997c-4529-a104-94a573284e73	6f08d4df-b70f-4df7-98ee-31746d9d47e6	26358587-e108-4173-a9ac-06d65b257bd1	2022-01-01 00:00:00	2022-01-03 00:00:00	\N	31	2	22	2	11	2	\N	\N	{1.2,2.3,6.8}	{11.2,2.33,26.8}	\N	\N	Основной материал	№ сертификата	варочные материалы	№ сертификата	\N	\N	33f9bb20-c489-4d21-b6d8-cc207179530f	\N
5d9a1276-6c32-404b-a4b2-f0e4e7db3fe1	3	3bfcaf3d-997c-4529-a104-94a573284e73	6f08d4df-b70f-4df7-98ee-31746d9d47e6	26358587-e108-4173-a9ac-06d65b257bd1	2022-01-01 00:00:00	2022-01-03 00:00:00	\N	390	81	820	81	170	2	\N	\N	{1.2,2.3,6.8}	{11.2,2.33,26.8}	\N	\N	Основной материал	№ сертификата	варочные материалы	№ сертификата	\N	\N	2d23825c-7889-443d-bf30-1f441b3cc67f	\N
91cd4fc3-aadf-4ea7-9c5c-9a5a7f03aa1a	4	3bfcaf3d-997c-4529-a104-94a573284e73	6f08d4df-b70f-4df7-98ee-31746d9d47e6	26358587-e108-4173-a9ac-06d65b257bd1	2022-01-01 00:00:00	2022-01-03 00:00:00	\N	320	1	220	12	2	3	\N	\N	{1.2,2.3,6.8}	{11.2,2.33,26.8}	\N	\N	Основной материал	№ сертификата	варочные материалы	№ сертификата	\N	\N	\N	deb02824-0b05-4e94-8fb0-74b363a68a61
b8fbe59d-ee1c-4449-9b15-8ea556bfc2c8	6	3bfcaf3d-997c-4529-a104-94a573284e73	6f08d4df-b70f-4df7-98ee-31746d9d47e6	26358587-e108-4173-a9ac-06d65b257bd1	2022-01-01 00:00:00	2022-01-03 00:00:00	\N	31	2	22	2	11	2	\N	\N	{1.2,2.3,6.8}	{11.2,2.33,26.8}	\N	\N	Основной материал	№ сертификата	варочные материалы	№ сертификата	\N	\N	5b26c2b0-7adb-4641-83cb-3a2ba6faec0f	\N
cdec0496-0d0e-4eb1-aabc-5d827b6fcd26	5	3bfcaf3d-997c-4529-a104-94a573284e73	6f08d4df-b70f-4df7-98ee-31746d9d47e6	26358587-e108-4173-a9ac-06d65b257bd1	2022-01-01 00:00:00	2022-01-03 00:00:00	\N	130	21	23	13	10	4	\N	\N	{1.2,2.3,6.8}	{11.2,2.33,26.8}	\N	\N	Основной материал	№ сертификата	варочные материалы	№ сертификата	\N	\N	27e18cb3-f652-4862-ac41-1b5b77a84bef	\N
d957bd7d-54b6-403b-a5bd-d6b50bb9f633	1	3bfcaf3d-997c-4529-a104-94a573284e73	6f08d4df-b70f-4df7-98ee-31746d9d47e6	26358587-e108-4173-a9ac-06d65b257bd1	2022-01-01 00:00:00	2022-01-03 00:00:00	\N	300	1	200	81	150	2	\N	\N	{1.2,2.3,6.8}	{11.2,2.33,26.8}	\N	\N	Основной материал	№ сертификата	варочные материалы	№ сертификата	\N	\N	\N	b8dcf6a8-8f2d-400d-a0f4-f9e9d3754686
fa00bcb4-18ea-41a6-8606-f270fa1dfd89	6	3bfcaf3d-997c-4529-a104-94a573284e73	6f08d4df-b70f-4df7-98ee-31746d9d47e6	26358587-e108-4173-a9ac-06d65b257bd1	2022-01-01 00:00:00	2022-01-03 00:00:00	\N	31	2	22	2	11	2	\N	\N	{1.2,2.3,6.8}	{11.2,2.33,26.8}	\N	\N	Основной материал	№ сертификата	варочные материалы	№ сертификата	\N	\N	7ac42d90-80d0-428b-bb7c-35bac9e8cff0	\N
\.


--
-- Data for Name: WorkingShifts; Type: TABLE DATA; Schema: public; Owner: -
--

COPY public."WorkingShifts" ("Id", "Number", "ShiftStart", "ShiftEnd", "DayId") FROM stdin;
2ecf8374-dc2e-4250-ae92-ff217fcc67f8	2	12:30:00	16:00:00	66edee4e-2b80-445b-b16b-ad6b0a964a0a
6e37c745-187c-41f4-8732-776bf83716dd	3	16:30:00	20:00:00	66edee4e-2b80-445b-b16b-ad6b0a964a0a
8be53b6b-888a-45ce-950b-9a2a63913c5c	1	08:00:00	12:00:00	66edee4e-2b80-445b-b16b-ad6b0a964a0a
\.


--
-- Data for Name: Workplaces; Type: TABLE DATA; Schema: public; Owner: -
--

COPY public."Workplaces" ("Id", "Number", "PostId", "ProductionAreaId") FROM stdin;
25826fa4-4ea2-4756-a958-601ec4158681	3	\N	dadbf6ba-7b25-4f4f-aa80-6e7a566baac4
49ad33e2-a895-4d99-b690-adbab222a4ea	2	\N	8e19bdc2-0fc2-4beb-843f-d28090087010
dd7c71e1-38ce-4d1b-a531-e9cee354a34f	1	\N	7324bf38-98ce-4b95-849f-3ebdbc59aa64
\.


--
-- Data for Name: Workshops; Type: TABLE DATA; Schema: public; Owner: -
--

COPY public."Workshops" ("Id", "Name", "Number") FROM stdin;
dd961c80-0d8d-421f-b52b-8da75116da47	Цех	1
\.


--
-- Name: Calendars PK_Calendars; Type: CONSTRAINT; Schema: public; Owner: -
--

ALTER TABLE ONLY public."Calendars"
    ADD CONSTRAINT "PK_Calendars" PRIMARY KEY ("Id");


--
-- Name: Chiefs PK_Chiefs; Type: CONSTRAINT; Schema: public; Owner: -
--

ALTER TABLE ONLY public."Chiefs"
    ADD CONSTRAINT "PK_Chiefs" PRIMARY KEY ("Id");


--
-- Name: Days PK_Days; Type: CONSTRAINT; Schema: public; Owner: -
--

ALTER TABLE ONLY public."Days"
    ADD CONSTRAINT "PK_Days" PRIMARY KEY ("Id");


--
-- Name: EventLogs PK_EventLogs; Type: CONSTRAINT; Schema: public; Owner: -
--

ALTER TABLE ONLY public."EventLogs"
    ADD CONSTRAINT "PK_EventLogs" PRIMARY KEY ("Id");


--
-- Name: Inspectors PK_Inspectors; Type: CONSTRAINT; Schema: public; Owner: -
--

ALTER TABLE ONLY public."Inspectors"
    ADD CONSTRAINT "PK_Inspectors" PRIMARY KEY ("Id");


--
-- Name: LayerInstructions PK_LayerInstructions; Type: CONSTRAINT; Schema: public; Owner: -
--

ALTER TABLE ONLY public."LayerInstructions"
    ADD CONSTRAINT "PK_LayerInstructions" PRIMARY KEY ("Id");


--
-- Name: Masters PK_Masters; Type: CONSTRAINT; Schema: public; Owner: -
--

ALTER TABLE ONLY public."Masters"
    ADD CONSTRAINT "PK_Masters" PRIMARY KEY ("Id");


--
-- Name: Posts PK_Posts; Type: CONSTRAINT; Schema: public; Owner: -
--

ALTER TABLE ONLY public."Posts"
    ADD CONSTRAINT "PK_Posts" PRIMARY KEY ("Id");


--
-- Name: ProductInsides PK_ProductInsides; Type: CONSTRAINT; Schema: public; Owner: -
--

ALTER TABLE ONLY public."ProductInsides"
    ADD CONSTRAINT "PK_ProductInsides" PRIMARY KEY ("InsideProductId", "MainProductId");


--
-- Name: ProductionAreas PK_ProductionAreas; Type: CONSTRAINT; Schema: public; Owner: -
--

ALTER TABLE ONLY public."ProductionAreas"
    ADD CONSTRAINT "PK_ProductionAreas" PRIMARY KEY ("Id");


--
-- Name: Products PK_Products; Type: CONSTRAINT; Schema: public; Owner: -
--

ALTER TABLE ONLY public."Products"
    ADD CONSTRAINT "PK_Products" PRIMARY KEY ("Id");


--
-- Name: Roles PK_Roles; Type: CONSTRAINT; Schema: public; Owner: -
--

ALTER TABLE ONLY public."Roles"
    ADD CONSTRAINT "PK_Roles" PRIMARY KEY ("Id");


--
-- Name: Seams PK_Seams; Type: CONSTRAINT; Schema: public; Owner: -
--

ALTER TABLE ONLY public."Seams"
    ADD CONSTRAINT "PK_Seams" PRIMARY KEY ("Id");


--
-- Name: TechnologicalInstruction PK_TechnologicalInstruction; Type: CONSTRAINT; Schema: public; Owner: -
--

ALTER TABLE ONLY public."TechnologicalInstruction"
    ADD CONSTRAINT "PK_TechnologicalInstruction" PRIMARY KEY ("Id");


--
-- Name: TechnologicalProcesses PK_TechnologicalProcesses; Type: CONSTRAINT; Schema: public; Owner: -
--

ALTER TABLE ONLY public."TechnologicalProcesses"
    ADD CONSTRAINT "PK_TechnologicalProcesses" PRIMARY KEY ("Id");


--
-- Name: UserRoles PK_UserRoles; Type: CONSTRAINT; Schema: public; Owner: -
--

ALTER TABLE ONLY public."UserRoles"
    ADD CONSTRAINT "PK_UserRoles" PRIMARY KEY ("RoleId", "UserId");


--
-- Name: Users PK_Users; Type: CONSTRAINT; Schema: public; Owner: -
--

ALTER TABLE ONLY public."Users"
    ADD CONSTRAINT "PK_Users" PRIMARY KEY ("Id");


--
-- Name: WeldPassages PK_WeldPassages; Type: CONSTRAINT; Schema: public; Owner: -
--

ALTER TABLE ONLY public."WeldPassages"
    ADD CONSTRAINT "PK_WeldPassages" PRIMARY KEY ("Id");


--
-- Name: Welders PK_Welders; Type: CONSTRAINT; Schema: public; Owner: -
--

ALTER TABLE ONLY public."Welders"
    ADD CONSTRAINT "PK_Welders" PRIMARY KEY ("Id");


--
-- Name: WeldingEquipmentConditionTimes PK_WeldingEquipmentConditionTimes; Type: CONSTRAINT; Schema: public; Owner: -
--

ALTER TABLE ONLY public."WeldingEquipmentConditionTimes"
    ADD CONSTRAINT "PK_WeldingEquipmentConditionTimes" PRIMARY KEY ("Id");


--
-- Name: WeldingEquipmentWorkingShifts PK_WeldingEquipmentWorkingShifts; Type: CONSTRAINT; Schema: public; Owner: -
--

ALTER TABLE ONLY public."WeldingEquipmentWorkingShifts"
    ADD CONSTRAINT "PK_WeldingEquipmentWorkingShifts" PRIMARY KEY ("WeldingEquipmentId", "WorkingShiftId", "WeldingEquipmentConditionTimeId");


--
-- Name: WeldingEquipments PK_WeldingEquipments; Type: CONSTRAINT; Schema: public; Owner: -
--

ALTER TABLE ONLY public."WeldingEquipments"
    ADD CONSTRAINT "PK_WeldingEquipments" PRIMARY KEY ("Id");


--
-- Name: WeldingTasks PK_WeldingTasks; Type: CONSTRAINT; Schema: public; Owner: -
--

ALTER TABLE ONLY public."WeldingTasks"
    ADD CONSTRAINT "PK_WeldingTasks" PRIMARY KEY ("Id");


--
-- Name: WorkingShifts PK_WorkingShifts; Type: CONSTRAINT; Schema: public; Owner: -
--

ALTER TABLE ONLY public."WorkingShifts"
    ADD CONSTRAINT "PK_WorkingShifts" PRIMARY KEY ("Id");


--
-- Name: Workplaces PK_Workplaces; Type: CONSTRAINT; Schema: public; Owner: -
--

ALTER TABLE ONLY public."Workplaces"
    ADD CONSTRAINT "PK_Workplaces" PRIMARY KEY ("Id");


--
-- Name: Workshops PK_Workshops; Type: CONSTRAINT; Schema: public; Owner: -
--

ALTER TABLE ONLY public."Workshops"
    ADD CONSTRAINT "PK_Workshops" PRIMARY KEY ("Id");


--
-- Name: IX_Chiefs_UserId; Type: INDEX; Schema: public; Owner: -
--

CREATE INDEX "IX_Chiefs_UserId" ON public."Chiefs" USING btree ("UserId");


--
-- Name: IX_Chiefs_WeldingEquipmentId; Type: INDEX; Schema: public; Owner: -
--

CREATE UNIQUE INDEX "IX_Chiefs_WeldingEquipmentId" ON public."Chiefs" USING btree ("WeldingEquipmentId");


--
-- Name: IX_Days_CalendarId; Type: INDEX; Schema: public; Owner: -
--

CREATE INDEX "IX_Days_CalendarId" ON public."Days" USING btree ("CalendarId");


--
-- Name: IX_EventLogs_UserId; Type: INDEX; Schema: public; Owner: -
--

CREATE INDEX "IX_EventLogs_UserId" ON public."EventLogs" USING btree ("UserId");


--
-- Name: IX_Inspectors_UserId; Type: INDEX; Schema: public; Owner: -
--

CREATE INDEX "IX_Inspectors_UserId" ON public."Inspectors" USING btree ("UserId");


--
-- Name: IX_LayerInstructions_WeldPassageId; Type: INDEX; Schema: public; Owner: -
--

CREATE INDEX "IX_LayerInstructions_WeldPassageId" ON public."LayerInstructions" USING btree ("WeldPassageId");


--
-- Name: IX_Masters_UserId; Type: INDEX; Schema: public; Owner: -
--

CREATE INDEX "IX_Masters_UserId" ON public."Masters" USING btree ("UserId");


--
-- Name: IX_Masters_WeldingEquipmentId; Type: INDEX; Schema: public; Owner: -
--

CREATE UNIQUE INDEX "IX_Masters_WeldingEquipmentId" ON public."Masters" USING btree ("WeldingEquipmentId");


--
-- Name: IX_Posts_ProductionAreaId; Type: INDEX; Schema: public; Owner: -
--

CREATE INDEX "IX_Posts_ProductionAreaId" ON public."Posts" USING btree ("ProductionAreaId");


--
-- Name: IX_ProductInsides_MainProductId; Type: INDEX; Schema: public; Owner: -
--

CREATE INDEX "IX_ProductInsides_MainProductId" ON public."ProductInsides" USING btree ("MainProductId");


--
-- Name: IX_ProductionAreas_WorkshopId; Type: INDEX; Schema: public; Owner: -
--

CREATE INDEX "IX_ProductionAreas_WorkshopId" ON public."ProductionAreas" USING btree ("WorkshopId");


--
-- Name: IX_Products_ProductionAreaId; Type: INDEX; Schema: public; Owner: -
--

CREATE INDEX "IX_Products_ProductionAreaId" ON public."Products" USING btree ("ProductionAreaId");


--
-- Name: IX_Products_TechnologicalProcessId; Type: INDEX; Schema: public; Owner: -
--

CREATE INDEX "IX_Products_TechnologicalProcessId" ON public."Products" USING btree ("TechnologicalProcessId");


--
-- Name: IX_Products_WorkplaceId; Type: INDEX; Schema: public; Owner: -
--

CREATE INDEX "IX_Products_WorkplaceId" ON public."Products" USING btree ("WorkplaceId");


--
-- Name: IX_Seams_ProductId; Type: INDEX; Schema: public; Owner: -
--

CREATE INDEX "IX_Seams_ProductId" ON public."Seams" USING btree ("ProductId");


--
-- Name: IX_Seams_ProductionAreaId; Type: INDEX; Schema: public; Owner: -
--

CREATE INDEX "IX_Seams_ProductionAreaId" ON public."Seams" USING btree ("ProductionAreaId");


--
-- Name: IX_Seams_WorkplaceId; Type: INDEX; Schema: public; Owner: -
--

CREATE INDEX "IX_Seams_WorkplaceId" ON public."Seams" USING btree ("WorkplaceId");


--
-- Name: IX_TechnologicalInstruction_SeamId; Type: INDEX; Schema: public; Owner: -
--

CREATE UNIQUE INDEX "IX_TechnologicalInstruction_SeamId" ON public."TechnologicalInstruction" USING btree ("SeamId");


--
-- Name: IX_TechnologicalInstruction_TechnologicalProcessId; Type: INDEX; Schema: public; Owner: -
--

CREATE INDEX "IX_TechnologicalInstruction_TechnologicalProcessId" ON public."TechnologicalInstruction" USING btree ("TechnologicalProcessId");


--
-- Name: IX_UserRoles_UserId; Type: INDEX; Schema: public; Owner: -
--

CREATE INDEX "IX_UserRoles_UserId" ON public."UserRoles" USING btree ("UserId");


--
-- Name: IX_Users_ProductionAreaId; Type: INDEX; Schema: public; Owner: -
--

CREATE INDEX "IX_Users_ProductionAreaId" ON public."Users" USING btree ("ProductionAreaId");


--
-- Name: IX_WeldPassages_SeamId; Type: INDEX; Schema: public; Owner: -
--

CREATE INDEX "IX_WeldPassages_SeamId" ON public."WeldPassages" USING btree ("SeamId");


--
-- Name: IX_WeldPassages_TechnologicalInstructionId; Type: INDEX; Schema: public; Owner: -
--

CREATE INDEX "IX_WeldPassages_TechnologicalInstructionId" ON public."WeldPassages" USING btree ("TechnologicalInstructionId");


--
-- Name: IX_Welders_CalendarId; Type: INDEX; Schema: public; Owner: -
--

CREATE INDEX "IX_Welders_CalendarId" ON public."Welders" USING btree ("CalendarId");


--
-- Name: IX_Welders_UserId; Type: INDEX; Schema: public; Owner: -
--

CREATE INDEX "IX_Welders_UserId" ON public."Welders" USING btree ("UserId");


--
-- Name: IX_Welders_WeldingEquipmentId; Type: INDEX; Schema: public; Owner: -
--

CREATE UNIQUE INDEX "IX_Welders_WeldingEquipmentId" ON public."Welders" USING btree ("WeldingEquipmentId");


--
-- Name: IX_Welders_WorkplaceId; Type: INDEX; Schema: public; Owner: -
--

CREATE INDEX "IX_Welders_WorkplaceId" ON public."Welders" USING btree ("WorkplaceId");


--
-- Name: IX_WeldingEquipmentWorkingShifts_WeldingEquipmentConditionTime~; Type: INDEX; Schema: public; Owner: -
--

CREATE UNIQUE INDEX "IX_WeldingEquipmentWorkingShifts_WeldingEquipmentConditionTime~" ON public."WeldingEquipmentWorkingShifts" USING btree ("WeldingEquipmentConditionTimeId");


--
-- Name: IX_WeldingEquipmentWorkingShifts_WorkingShiftId; Type: INDEX; Schema: public; Owner: -
--

CREATE INDEX "IX_WeldingEquipmentWorkingShifts_WorkingShiftId" ON public."WeldingEquipmentWorkingShifts" USING btree ("WorkingShiftId");


--
-- Name: IX_WeldingEquipments_CalendarId; Type: INDEX; Schema: public; Owner: -
--

CREATE INDEX "IX_WeldingEquipments_CalendarId" ON public."WeldingEquipments" USING btree ("CalendarId");


--
-- Name: IX_WeldingEquipments_PostId; Type: INDEX; Schema: public; Owner: -
--

CREATE INDEX "IX_WeldingEquipments_PostId" ON public."WeldingEquipments" USING btree ("PostId");


--
-- Name: IX_WeldingTasks_InspectorId; Type: INDEX; Schema: public; Owner: -
--

CREATE INDEX "IX_WeldingTasks_InspectorId" ON public."WeldingTasks" USING btree ("InspectorId");


--
-- Name: IX_WeldingTasks_MasterId; Type: INDEX; Schema: public; Owner: -
--

CREATE INDEX "IX_WeldingTasks_MasterId" ON public."WeldingTasks" USING btree ("MasterId");


--
-- Name: IX_WeldingTasks_ProductId; Type: INDEX; Schema: public; Owner: -
--

CREATE UNIQUE INDEX "IX_WeldingTasks_ProductId" ON public."WeldingTasks" USING btree ("ProductId");


--
-- Name: IX_WeldingTasks_SeamId; Type: INDEX; Schema: public; Owner: -
--

CREATE UNIQUE INDEX "IX_WeldingTasks_SeamId" ON public."WeldingTasks" USING btree ("SeamId");


--
-- Name: IX_WeldingTasks_WelderId; Type: INDEX; Schema: public; Owner: -
--

CREATE INDEX "IX_WeldingTasks_WelderId" ON public."WeldingTasks" USING btree ("WelderId");


--
-- Name: IX_WorkingShifts_DayId; Type: INDEX; Schema: public; Owner: -
--

CREATE INDEX "IX_WorkingShifts_DayId" ON public."WorkingShifts" USING btree ("DayId");


--
-- Name: IX_Workplaces_PostId; Type: INDEX; Schema: public; Owner: -
--

CREATE INDEX "IX_Workplaces_PostId" ON public."Workplaces" USING btree ("PostId");


--
-- Name: IX_Workplaces_ProductionAreaId; Type: INDEX; Schema: public; Owner: -
--

CREATE INDEX "IX_Workplaces_ProductionAreaId" ON public."Workplaces" USING btree ("ProductionAreaId");


--
-- Name: Chiefs FK_Chiefs_Users_UserId; Type: FK CONSTRAINT; Schema: public; Owner: -
--

ALTER TABLE ONLY public."Chiefs"
    ADD CONSTRAINT "FK_Chiefs_Users_UserId" FOREIGN KEY ("UserId") REFERENCES public."Users"("Id") ON DELETE CASCADE;


--
-- Name: Chiefs FK_Chiefs_WeldingEquipments_WeldingEquipmentId; Type: FK CONSTRAINT; Schema: public; Owner: -
--

ALTER TABLE ONLY public."Chiefs"
    ADD CONSTRAINT "FK_Chiefs_WeldingEquipments_WeldingEquipmentId" FOREIGN KEY ("WeldingEquipmentId") REFERENCES public."WeldingEquipments"("Id");


--
-- Name: Days FK_Days_Calendars_CalendarId; Type: FK CONSTRAINT; Schema: public; Owner: -
--

ALTER TABLE ONLY public."Days"
    ADD CONSTRAINT "FK_Days_Calendars_CalendarId" FOREIGN KEY ("CalendarId") REFERENCES public."Calendars"("Id") ON DELETE CASCADE;


--
-- Name: EventLogs FK_EventLogs_Users_UserId; Type: FK CONSTRAINT; Schema: public; Owner: -
--

ALTER TABLE ONLY public."EventLogs"
    ADD CONSTRAINT "FK_EventLogs_Users_UserId" FOREIGN KEY ("UserId") REFERENCES public."Users"("Id");


--
-- Name: Inspectors FK_Inspectors_Users_UserId; Type: FK CONSTRAINT; Schema: public; Owner: -
--

ALTER TABLE ONLY public."Inspectors"
    ADD CONSTRAINT "FK_Inspectors_Users_UserId" FOREIGN KEY ("UserId") REFERENCES public."Users"("Id") ON DELETE CASCADE;


--
-- Name: LayerInstructions FK_LayerInstructions_WeldPassages_WeldPassageId; Type: FK CONSTRAINT; Schema: public; Owner: -
--

ALTER TABLE ONLY public."LayerInstructions"
    ADD CONSTRAINT "FK_LayerInstructions_WeldPassages_WeldPassageId" FOREIGN KEY ("WeldPassageId") REFERENCES public."WeldPassages"("Id");


--
-- Name: Masters FK_Masters_Users_UserId; Type: FK CONSTRAINT; Schema: public; Owner: -
--

ALTER TABLE ONLY public."Masters"
    ADD CONSTRAINT "FK_Masters_Users_UserId" FOREIGN KEY ("UserId") REFERENCES public."Users"("Id") ON DELETE CASCADE;


--
-- Name: Masters FK_Masters_WeldingEquipments_WeldingEquipmentId; Type: FK CONSTRAINT; Schema: public; Owner: -
--

ALTER TABLE ONLY public."Masters"
    ADD CONSTRAINT "FK_Masters_WeldingEquipments_WeldingEquipmentId" FOREIGN KEY ("WeldingEquipmentId") REFERENCES public."WeldingEquipments"("Id");


--
-- Name: Posts FK_Posts_ProductionAreas_ProductionAreaId; Type: FK CONSTRAINT; Schema: public; Owner: -
--

ALTER TABLE ONLY public."Posts"
    ADD CONSTRAINT "FK_Posts_ProductionAreas_ProductionAreaId" FOREIGN KEY ("ProductionAreaId") REFERENCES public."ProductionAreas"("Id") ON DELETE CASCADE;


--
-- Name: ProductInsides FK_ProductInsides_Products_InsideProductId; Type: FK CONSTRAINT; Schema: public; Owner: -
--

ALTER TABLE ONLY public."ProductInsides"
    ADD CONSTRAINT "FK_ProductInsides_Products_InsideProductId" FOREIGN KEY ("InsideProductId") REFERENCES public."Products"("Id") ON DELETE RESTRICT;


--
-- Name: ProductInsides FK_ProductInsides_Products_MainProductId; Type: FK CONSTRAINT; Schema: public; Owner: -
--

ALTER TABLE ONLY public."ProductInsides"
    ADD CONSTRAINT "FK_ProductInsides_Products_MainProductId" FOREIGN KEY ("MainProductId") REFERENCES public."Products"("Id") ON DELETE CASCADE;


--
-- Name: ProductionAreas FK_ProductionAreas_Workshops_WorkshopId; Type: FK CONSTRAINT; Schema: public; Owner: -
--

ALTER TABLE ONLY public."ProductionAreas"
    ADD CONSTRAINT "FK_ProductionAreas_Workshops_WorkshopId" FOREIGN KEY ("WorkshopId") REFERENCES public."Workshops"("Id") ON DELETE CASCADE;


--
-- Name: Products FK_Products_ProductionAreas_ProductionAreaId; Type: FK CONSTRAINT; Schema: public; Owner: -
--

ALTER TABLE ONLY public."Products"
    ADD CONSTRAINT "FK_Products_ProductionAreas_ProductionAreaId" FOREIGN KEY ("ProductionAreaId") REFERENCES public."ProductionAreas"("Id");


--
-- Name: Products FK_Products_TechnologicalProcesses_TechnologicalProcessId; Type: FK CONSTRAINT; Schema: public; Owner: -
--

ALTER TABLE ONLY public."Products"
    ADD CONSTRAINT "FK_Products_TechnologicalProcesses_TechnologicalProcessId" FOREIGN KEY ("TechnologicalProcessId") REFERENCES public."TechnologicalProcesses"("Id");


--
-- Name: Products FK_Products_Workplaces_WorkplaceId; Type: FK CONSTRAINT; Schema: public; Owner: -
--

ALTER TABLE ONLY public."Products"
    ADD CONSTRAINT "FK_Products_Workplaces_WorkplaceId" FOREIGN KEY ("WorkplaceId") REFERENCES public."Workplaces"("Id");


--
-- Name: Seams FK_Seams_ProductionAreas_ProductionAreaId; Type: FK CONSTRAINT; Schema: public; Owner: -
--

ALTER TABLE ONLY public."Seams"
    ADD CONSTRAINT "FK_Seams_ProductionAreas_ProductionAreaId" FOREIGN KEY ("ProductionAreaId") REFERENCES public."ProductionAreas"("Id");


--
-- Name: Seams FK_Seams_Products_ProductId; Type: FK CONSTRAINT; Schema: public; Owner: -
--

ALTER TABLE ONLY public."Seams"
    ADD CONSTRAINT "FK_Seams_Products_ProductId" FOREIGN KEY ("ProductId") REFERENCES public."Products"("Id");


--
-- Name: Seams FK_Seams_Workplaces_WorkplaceId; Type: FK CONSTRAINT; Schema: public; Owner: -
--

ALTER TABLE ONLY public."Seams"
    ADD CONSTRAINT "FK_Seams_Workplaces_WorkplaceId" FOREIGN KEY ("WorkplaceId") REFERENCES public."Workplaces"("Id");


--
-- Name: TechnologicalInstruction FK_TechnologicalInstruction_Seams_SeamId; Type: FK CONSTRAINT; Schema: public; Owner: -
--

ALTER TABLE ONLY public."TechnologicalInstruction"
    ADD CONSTRAINT "FK_TechnologicalInstruction_Seams_SeamId" FOREIGN KEY ("SeamId") REFERENCES public."Seams"("Id") ON DELETE CASCADE;


--
-- Name: TechnologicalInstruction FK_TechnologicalInstruction_TechnologicalProcesses_Technologic~; Type: FK CONSTRAINT; Schema: public; Owner: -
--

ALTER TABLE ONLY public."TechnologicalInstruction"
    ADD CONSTRAINT "FK_TechnologicalInstruction_TechnologicalProcesses_Technologic~" FOREIGN KEY ("TechnologicalProcessId") REFERENCES public."TechnologicalProcesses"("Id");


--
-- Name: UserRoles FK_UserRoles_Roles_RoleId; Type: FK CONSTRAINT; Schema: public; Owner: -
--

ALTER TABLE ONLY public."UserRoles"
    ADD CONSTRAINT "FK_UserRoles_Roles_RoleId" FOREIGN KEY ("RoleId") REFERENCES public."Roles"("Id") ON DELETE CASCADE;


--
-- Name: UserRoles FK_UserRoles_Users_UserId; Type: FK CONSTRAINT; Schema: public; Owner: -
--

ALTER TABLE ONLY public."UserRoles"
    ADD CONSTRAINT "FK_UserRoles_Users_UserId" FOREIGN KEY ("UserId") REFERENCES public."Users"("Id") ON DELETE CASCADE;


--
-- Name: Users FK_Users_ProductionAreas_ProductionAreaId; Type: FK CONSTRAINT; Schema: public; Owner: -
--

ALTER TABLE ONLY public."Users"
    ADD CONSTRAINT "FK_Users_ProductionAreas_ProductionAreaId" FOREIGN KEY ("ProductionAreaId") REFERENCES public."ProductionAreas"("Id");


--
-- Name: WeldPassages FK_WeldPassages_Seams_SeamId; Type: FK CONSTRAINT; Schema: public; Owner: -
--

ALTER TABLE ONLY public."WeldPassages"
    ADD CONSTRAINT "FK_WeldPassages_Seams_SeamId" FOREIGN KEY ("SeamId") REFERENCES public."Seams"("Id") ON DELETE CASCADE;


--
-- Name: WeldPassages FK_WeldPassages_TechnologicalInstruction_TechnologicalInstruct~; Type: FK CONSTRAINT; Schema: public; Owner: -
--

ALTER TABLE ONLY public."WeldPassages"
    ADD CONSTRAINT "FK_WeldPassages_TechnologicalInstruction_TechnologicalInstruct~" FOREIGN KEY ("TechnologicalInstructionId") REFERENCES public."TechnologicalInstruction"("Id") ON DELETE CASCADE;


--
-- Name: Welders FK_Welders_Calendars_CalendarId; Type: FK CONSTRAINT; Schema: public; Owner: -
--

ALTER TABLE ONLY public."Welders"
    ADD CONSTRAINT "FK_Welders_Calendars_CalendarId" FOREIGN KEY ("CalendarId") REFERENCES public."Calendars"("Id");


--
-- Name: Welders FK_Welders_Users_UserId; Type: FK CONSTRAINT; Schema: public; Owner: -
--

ALTER TABLE ONLY public."Welders"
    ADD CONSTRAINT "FK_Welders_Users_UserId" FOREIGN KEY ("UserId") REFERENCES public."Users"("Id") ON DELETE CASCADE;


--
-- Name: Welders FK_Welders_WeldingEquipments_WeldingEquipmentId; Type: FK CONSTRAINT; Schema: public; Owner: -
--

ALTER TABLE ONLY public."Welders"
    ADD CONSTRAINT "FK_Welders_WeldingEquipments_WeldingEquipmentId" FOREIGN KEY ("WeldingEquipmentId") REFERENCES public."WeldingEquipments"("Id");


--
-- Name: Welders FK_Welders_Workplaces_WorkplaceId; Type: FK CONSTRAINT; Schema: public; Owner: -
--

ALTER TABLE ONLY public."Welders"
    ADD CONSTRAINT "FK_Welders_Workplaces_WorkplaceId" FOREIGN KEY ("WorkplaceId") REFERENCES public."Workplaces"("Id");


--
-- Name: WeldingEquipmentWorkingShifts FK_WeldingEquipmentWorkingShifts_WeldingEquipmentConditionTime~; Type: FK CONSTRAINT; Schema: public; Owner: -
--

ALTER TABLE ONLY public."WeldingEquipmentWorkingShifts"
    ADD CONSTRAINT "FK_WeldingEquipmentWorkingShifts_WeldingEquipmentConditionTime~" FOREIGN KEY ("WeldingEquipmentConditionTimeId") REFERENCES public."WeldingEquipmentConditionTimes"("Id") ON DELETE CASCADE;


--
-- Name: WeldingEquipmentWorkingShifts FK_WeldingEquipmentWorkingShifts_WeldingEquipments_WeldingEqui~; Type: FK CONSTRAINT; Schema: public; Owner: -
--

ALTER TABLE ONLY public."WeldingEquipmentWorkingShifts"
    ADD CONSTRAINT "FK_WeldingEquipmentWorkingShifts_WeldingEquipments_WeldingEqui~" FOREIGN KEY ("WeldingEquipmentId") REFERENCES public."WeldingEquipments"("Id") ON DELETE CASCADE;


--
-- Name: WeldingEquipmentWorkingShifts FK_WeldingEquipmentWorkingShifts_WorkingShifts_WorkingShiftId; Type: FK CONSTRAINT; Schema: public; Owner: -
--

ALTER TABLE ONLY public."WeldingEquipmentWorkingShifts"
    ADD CONSTRAINT "FK_WeldingEquipmentWorkingShifts_WorkingShifts_WorkingShiftId" FOREIGN KEY ("WorkingShiftId") REFERENCES public."WorkingShifts"("Id") ON DELETE CASCADE;


--
-- Name: WeldingEquipments FK_WeldingEquipments_Calendars_CalendarId; Type: FK CONSTRAINT; Schema: public; Owner: -
--

ALTER TABLE ONLY public."WeldingEquipments"
    ADD CONSTRAINT "FK_WeldingEquipments_Calendars_CalendarId" FOREIGN KEY ("CalendarId") REFERENCES public."Calendars"("Id");


--
-- Name: WeldingEquipments FK_WeldingEquipments_Posts_PostId; Type: FK CONSTRAINT; Schema: public; Owner: -
--

ALTER TABLE ONLY public."WeldingEquipments"
    ADD CONSTRAINT "FK_WeldingEquipments_Posts_PostId" FOREIGN KEY ("PostId") REFERENCES public."Posts"("Id");


--
-- Name: WeldingTasks FK_WeldingTasks_Inspectors_InspectorId; Type: FK CONSTRAINT; Schema: public; Owner: -
--

ALTER TABLE ONLY public."WeldingTasks"
    ADD CONSTRAINT "FK_WeldingTasks_Inspectors_InspectorId" FOREIGN KEY ("InspectorId") REFERENCES public."Inspectors"("Id") ON DELETE CASCADE;


--
-- Name: WeldingTasks FK_WeldingTasks_Masters_MasterId; Type: FK CONSTRAINT; Schema: public; Owner: -
--

ALTER TABLE ONLY public."WeldingTasks"
    ADD CONSTRAINT "FK_WeldingTasks_Masters_MasterId" FOREIGN KEY ("MasterId") REFERENCES public."Masters"("Id") ON DELETE CASCADE;


--
-- Name: WeldingTasks FK_WeldingTasks_Products_ProductId; Type: FK CONSTRAINT; Schema: public; Owner: -
--

ALTER TABLE ONLY public."WeldingTasks"
    ADD CONSTRAINT "FK_WeldingTasks_Products_ProductId" FOREIGN KEY ("ProductId") REFERENCES public."Products"("Id");


--
-- Name: WeldingTasks FK_WeldingTasks_Seams_SeamId; Type: FK CONSTRAINT; Schema: public; Owner: -
--

ALTER TABLE ONLY public."WeldingTasks"
    ADD CONSTRAINT "FK_WeldingTasks_Seams_SeamId" FOREIGN KEY ("SeamId") REFERENCES public."Seams"("Id");


--
-- Name: WeldingTasks FK_WeldingTasks_Welders_WelderId; Type: FK CONSTRAINT; Schema: public; Owner: -
--

ALTER TABLE ONLY public."WeldingTasks"
    ADD CONSTRAINT "FK_WeldingTasks_Welders_WelderId" FOREIGN KEY ("WelderId") REFERENCES public."Welders"("Id") ON DELETE CASCADE;


--
-- Name: WorkingShifts FK_WorkingShifts_Days_DayId; Type: FK CONSTRAINT; Schema: public; Owner: -
--

ALTER TABLE ONLY public."WorkingShifts"
    ADD CONSTRAINT "FK_WorkingShifts_Days_DayId" FOREIGN KEY ("DayId") REFERENCES public."Days"("Id") ON DELETE CASCADE;


--
-- Name: Workplaces FK_Workplaces_Posts_PostId; Type: FK CONSTRAINT; Schema: public; Owner: -
--

ALTER TABLE ONLY public."Workplaces"
    ADD CONSTRAINT "FK_Workplaces_Posts_PostId" FOREIGN KEY ("PostId") REFERENCES public."Posts"("Id");


--
-- Name: Workplaces FK_Workplaces_ProductionAreas_ProductionAreaId; Type: FK CONSTRAINT; Schema: public; Owner: -
--

ALTER TABLE ONLY public."Workplaces"
    ADD CONSTRAINT "FK_Workplaces_ProductionAreas_ProductionAreaId" FOREIGN KEY ("ProductionAreaId") REFERENCES public."ProductionAreas"("Id");


--
-- PostgreSQL database dump complete
--

