--
-- PostgreSQL database dump
--

-- Dumped from database version 14.5
-- Dumped by pg_dump version 14.5

SET statement_timeout = 0;
SET lock_timeout = 0;
SET idle_in_transaction_session_timeout = 0;
SET client_encoding = 'UTF8';
SET standard_conforming_strings = on;
SELECT pg_catalog.set_config('search_path', '', false);
SET check_function_bodies = false;
SET xmloption = content;
SET client_min_messages = warning;
SET row_security = off;

SET default_tablespace = '';

SET default_table_access_method = heap;

--
-- Name: Calendars; Type: TABLE; Schema: public; Owner: -
--

CREATE TABLE public."Calendars" (
    "Id" uuid NOT NULL,
    "Year" integer NOT NULL,
    "IsMain" boolean NOT NULL,
    "WelderId" uuid,
    "WeldingEquipmentId" uuid
);


--
-- Name: Chiefs; Type: TABLE; Schema: public; Owner: -
--

CREATE TABLE public."Chiefs" (
    "Id" uuid NOT NULL,
    "UserId" uuid NOT NULL,
    "WeldingEquipmentId" uuid
);


--
-- Name: Days; Type: TABLE; Schema: public; Owner: -
--

CREATE TABLE public."Days" (
    "Id" uuid NOT NULL,
    "MonthNumber" integer NOT NULL,
    "Number" integer NOT NULL,
    "IsWorkingDay" boolean NOT NULL,
    "CalendarId" uuid NOT NULL
);


--
-- Name: EventLogs; Type: TABLE; Schema: public; Owner: -
--

CREATE TABLE public."EventLogs" (
    "Id" uuid NOT NULL,
    "Information" character varying(200) NOT NULL,
    "DateTime" timestamp without time zone NOT NULL,
    "UserId" uuid
);


--
-- Name: Inspectors; Type: TABLE; Schema: public; Owner: -
--

CREATE TABLE public."Inspectors" (
    "Id" uuid NOT NULL,
    "UserId" uuid NOT NULL
);


--
-- Name: LayerInstructions; Type: TABLE; Schema: public; Owner: -
--

CREATE TABLE public."LayerInstructions" (
    "Id" uuid NOT NULL,
    "WeldingCurrentMin" double precision NOT NULL,
    "WeldingCurrentMax" double precision NOT NULL,
    "ArcVoltageMin" double precision,
    "ArcVoltageMax" double precision,
    "PreheatingTemperatureMin" double precision NOT NULL,
    "PreheatingTemperatureMax" double precision NOT NULL,
    "WeldPassageId" uuid
);


--
-- Name: Masters; Type: TABLE; Schema: public; Owner: -
--

CREATE TABLE public."Masters" (
    "Id" uuid NOT NULL,
    "UserId" uuid NOT NULL,
    "WeldingEquipmentId" uuid
);


--
-- Name: Posts; Type: TABLE; Schema: public; Owner: -
--

CREATE TABLE public."Posts" (
    "Id" uuid NOT NULL,
    "Number" integer NOT NULL,
    "Name" text NOT NULL,
    "ProductionAreaId" uuid NOT NULL
);


--
-- Name: ProductInsides; Type: TABLE; Schema: public; Owner: -
--

CREATE TABLE public."ProductInsides" (
    "MainProductId" uuid NOT NULL,
    "InsideProductId" uuid NOT NULL
);


--
-- Name: ProductionAreas; Type: TABLE; Schema: public; Owner: -
--

CREATE TABLE public."ProductionAreas" (
    "Id" uuid NOT NULL,
    "Name" text NOT NULL,
    "Number" integer NOT NULL,
    "WorkshopId" uuid NOT NULL
);


--
-- Name: Products; Type: TABLE; Schema: public; Owner: -
--

CREATE TABLE public."Products" (
    "Id" uuid NOT NULL,
    "Name" text,
    "Number" integer NOT NULL,
    "IsControlSubject" boolean NOT NULL,
    "ProductType" integer NOT NULL,
    "TechnologicalProcessId" uuid,
    "ProductionAreaId" uuid,
    "WorkplaceId" uuid
);


--
-- Name: Roles; Type: TABLE; Schema: public; Owner: -
--

CREATE TABLE public."Roles" (
    "Id" uuid NOT NULL,
    "Name" text NOT NULL
);


--
-- Name: Seams; Type: TABLE; Schema: public; Owner: -
--

CREATE TABLE public."Seams" (
    "Id" uuid NOT NULL,
    "Number" integer NOT NULL,
    "IsControlSubject" boolean NOT NULL,
    "ProductId" uuid,
    "ProductionAreaId" uuid,
    "WorkplaceId" uuid
);


--
-- Name: TechnologicalInstruction; Type: TABLE; Schema: public; Owner: -
--

CREATE TABLE public."TechnologicalInstruction" (
    "Id" uuid NOT NULL,
    "Number" integer NOT NULL,
    "Name" text NOT NULL,
    "SeamId" uuid NOT NULL,
    "TechnologicalProcessId" uuid
);


--
-- Name: TechnologicalProcesses; Type: TABLE; Schema: public; Owner: -
--

CREATE TABLE public."TechnologicalProcesses" (
    "Id" uuid NOT NULL,
    "Number" integer NOT NULL,
    "Name" text NOT NULL,
    "PdmSystemFileLink" text NOT NULL
);


--
-- Name: UserRoles; Type: TABLE; Schema: public; Owner: -
--

CREATE TABLE public."UserRoles" (
    "UserId" uuid NOT NULL,
    "RoleId" uuid NOT NULL
);


--
-- Name: Users; Type: TABLE; Schema: public; Owner: -
--

CREATE TABLE public."Users" (
    "Id" uuid NOT NULL,
    "FirstName" text NOT NULL,
    "LastName" text NOT NULL,
    "MiddleName" text NOT NULL,
    "UserName" text,
    "Email" text,
    "PasswordHash" text,
    "Position" text,
    "ServiceNumber" text,
    "CertificateValidityPeriod" timestamp without time zone,
    "RfidTag" text,
    "ProductionAreaId" uuid
);


--
-- Name: WeldPassages; Type: TABLE; Schema: public; Owner: -
--

CREATE TABLE public."WeldPassages" (
    "Id" uuid NOT NULL,
    "Number" integer NOT NULL,
    "Name" text NOT NULL,
    "WeldingCurrentMin" double precision NOT NULL,
    "WeldingCurrentMax" double precision NOT NULL,
    "ArcVoltageMin" double precision,
    "ArcVoltageMax" double precision,
    "PreheatingTemperatureMin" double precision NOT NULL,
    "PreheatingTemperatureMax" double precision NOT NULL,
    "SeamId" uuid NOT NULL,
    "TechnologicalInstructionId" uuid NOT NULL
);


--
-- Name: Welders; Type: TABLE; Schema: public; Owner: -
--

CREATE TABLE public."Welders" (
    "Id" uuid NOT NULL,
    "UserId" uuid NOT NULL,
    "WorkplaceId" uuid
);


--
-- Name: WeldingEquipmentConditionTimes; Type: TABLE; Schema: public; Owner: -
--

CREATE TABLE public."WeldingEquipmentConditionTimes" (
    "Id" uuid NOT NULL,
    "Condition" integer NOT NULL,
    "DowntimeReason" text,
    "Date" timestamp without time zone NOT NULL,
    "ChangeConditionTime" interval,
    "Time" integer NOT NULL,
    "WeldingEquipmentId" uuid NOT NULL
);


--
-- Name: WeldingEquipments; Type: TABLE; Schema: public; Owner: -
--

CREATE TABLE public."WeldingEquipments" (
    "Id" uuid NOT NULL,
    "RfidTag" text NOT NULL,
    "Name" text NOT NULL,
    "Marking" text NOT NULL,
    "FactoryNumber" text NOT NULL,
    "CommissioningDate" timestamp without time zone NOT NULL,
    "CurrentCondition" integer NOT NULL,
    "Height" integer NOT NULL,
    "Width" integer NOT NULL,
    "Lenght" integer NOT NULL,
    "GroupNumber" integer NOT NULL,
    "ManufacturerName" text NOT NULL,
    "NextAttestationDate" timestamp without time zone NOT NULL,
    "WeldingProcess" text NOT NULL,
    "IdleVoltage" double precision NOT NULL,
    "WeldingCurrentMin" double precision NOT NULL,
    "WeldingCurrentMax" double precision NOT NULL,
    "ArcVoltageMin" double precision NOT NULL,
    "ArcVoltageMax" double precision NOT NULL,
    "PostId" uuid,
    "WelderId" uuid
);


--
-- Name: WeldingTasks; Type: TABLE; Schema: public; Owner: -
--

CREATE TABLE public."WeldingTasks" (
    "Id" uuid NOT NULL,
    "Number" integer NOT NULL,
    "WelderId" uuid NOT NULL,
    "MasterId" uuid NOT NULL,
    "InspectorId" uuid NOT NULL,
    "WeldingDate" timestamp without time zone NOT NULL,
    "WeldingStartTime" timestamp without time zone,
    "WeldingEndTime" timestamp without time zone,
    "AmbientTemperature" integer NOT NULL,
    "AirHumidity" integer NOT NULL,
    "InterlayerTemperature" integer NOT NULL,
    "CurrentLayerNumber" integer NOT NULL,
    "PreheatingTemperature" integer NOT NULL,
    "Status" integer NOT NULL,
    "DefectReasons" text,
    "DefectsDetected" text,
    "WeldingCurrentValues" double precision[],
    "ArcVoltageValues" double precision[],
    "ShortTermDeviation" double precision,
    "LongTermDeviation" double precision,
    "BasicMaterial" text NOT NULL,
    "MainMaterialBatchNumber" text NOT NULL,
    "WeldingMaterial" text NOT NULL,
    "WeldingMaterialBatchNumber" text NOT NULL,
    "ProtectiveGas" text,
    "ProtectiveGasBatchNumber" text,
    "ProductId" uuid,
    "SeamId" uuid
);


--
-- Name: WorkingShifts; Type: TABLE; Schema: public; Owner: -
--

CREATE TABLE public."WorkingShifts" (
    "Id" uuid NOT NULL,
    "Number" integer NOT NULL,
    "ShiftStart" interval NOT NULL,
    "ShiftEnd" interval NOT NULL,
    "BreakStart" interval,
    "BreakEnd" interval,
    "DayId" uuid,
    "CalendarId" uuid
);


--
-- Name: Workplaces; Type: TABLE; Schema: public; Owner: -
--

CREATE TABLE public."Workplaces" (
    "Id" uuid NOT NULL,
    "Number" integer NOT NULL,
    "PostId" uuid,
    "ProductionAreaId" uuid
);


--
-- Name: Workshops; Type: TABLE; Schema: public; Owner: -
--

CREATE TABLE public."Workshops" (
    "Id" uuid NOT NULL,
    "Name" text NOT NULL,
    "Number" integer NOT NULL
);


--
-- Data for Name: Calendars; Type: TABLE DATA; Schema: public; Owner: -
--

COPY public."Calendars" ("Id", "Year", "IsMain", "WelderId", "WeldingEquipmentId") FROM stdin;
\.


--
-- Data for Name: Chiefs; Type: TABLE DATA; Schema: public; Owner: -
--

COPY public."Chiefs" ("Id", "UserId", "WeldingEquipmentId") FROM stdin;
154de1a7-222e-44b6-bac4-61daeb353585	807fe896-42cf-43bb-a035-cc617027fb17	\N
\.


--
-- Data for Name: Days; Type: TABLE DATA; Schema: public; Owner: -
--

COPY public."Days" ("Id", "MonthNumber", "Number", "IsWorkingDay", "CalendarId") FROM stdin;
\.


--
-- Data for Name: EventLogs; Type: TABLE DATA; Schema: public; Owner: -
--

COPY public."EventLogs" ("Id", "Information", "DateTime", "UserId") FROM stdin;
\.


--
-- Data for Name: Inspectors; Type: TABLE DATA; Schema: public; Owner: -
--

COPY public."Inspectors" ("Id", "UserId") FROM stdin;
5a2a6963-8a50-4885-9fcd-99fd0e8e1f48	1398a463-f801-4975-97be-0951abc1528e
\.


--
-- Data for Name: LayerInstructions; Type: TABLE DATA; Schema: public; Owner: -
--

COPY public."LayerInstructions" ("Id", "WeldingCurrentMin", "WeldingCurrentMax", "ArcVoltageMin", "ArcVoltageMax", "PreheatingTemperatureMin", "PreheatingTemperatureMax", "WeldPassageId") FROM stdin;
\.


--
-- Data for Name: Masters; Type: TABLE DATA; Schema: public; Owner: -
--

COPY public."Masters" ("Id", "UserId", "WeldingEquipmentId") FROM stdin;
9d6aa5d6-5365-4ad6-811f-59b69f43a9ce	9a4495ff-2f46-46d9-a909-4551da84451b	5174596e-8827-4d98-8be2-ab1b54e03b0d
\.


--
-- Data for Name: Posts; Type: TABLE DATA; Schema: public; Owner: -
--

COPY public."Posts" ("Id", "Number", "Name", "ProductionAreaId") FROM stdin;
19e6dc5e-de08-43c6-817e-930d6ffa1a7c	3	Пост 3	6bb7cf3b-2b41-442d-80a3-d817e2066f58
668ddca1-311e-46fd-b5ec-91727628ecb7	2	Пост 2	6c47ea07-e9fb-4aa2-8a9d-2adefa638235
7ba1d5cb-2f3e-4d55-898d-8f6dd19e08fa	1	Пост 1	539fc65b-7023-4d97-9dd7-7a44cbbf6914
\.


--
-- Data for Name: ProductInsides; Type: TABLE DATA; Schema: public; Owner: -
--

COPY public."ProductInsides" ("MainProductId", "InsideProductId") FROM stdin;
d06ea392-8b80-40e2-965f-b23ea451da80	01b06f32-f329-4af3-bc3f-3245639e60ea
1e286ccb-274d-4b95-82d8-28454a86382f	07da07ae-6887-4896-bb64-4970f0de87f5
d06ea392-8b80-40e2-965f-b23ea451da80	1a808ac4-0b9e-49b2-9c68-cc8b94f53cb5
1e286ccb-274d-4b95-82d8-28454a86382f	3b7ea0c7-5188-46df-a2b2-c9a4e26f4cf7
\.


--
-- Data for Name: ProductionAreas; Type: TABLE DATA; Schema: public; Owner: -
--

COPY public."ProductionAreas" ("Id", "Name", "Number", "WorkshopId") FROM stdin;
539fc65b-7023-4d97-9dd7-7a44cbbf6914	Производственный участок 1	1	647f37b7-3bac-4582-9380-3db458ee26ba
6bb7cf3b-2b41-442d-80a3-d817e2066f58	Производственный участок 3	3	647f37b7-3bac-4582-9380-3db458ee26ba
6c47ea07-e9fb-4aa2-8a9d-2adefa638235	Производственный участок 2	2	647f37b7-3bac-4582-9380-3db458ee26ba
\.


--
-- Data for Name: Products; Type: TABLE DATA; Schema: public; Owner: -
--

COPY public."Products" ("Id", "Name", "Number", "IsControlSubject", "ProductType", "TechnologicalProcessId", "ProductionAreaId", "WorkplaceId") FROM stdin;
01b06f32-f329-4af3-bc3f-3245639e60ea	Деталь 2	2	t	3	\N	539fc65b-7023-4d97-9dd7-7a44cbbf6914	45401d4a-d343-43b4-8e24-67f0bd68ba7d
07da07ae-6887-4896-bb64-4970f0de87f5	Узел 1	1	f	2	\N	539fc65b-7023-4d97-9dd7-7a44cbbf6914	45401d4a-d343-43b4-8e24-67f0bd68ba7d
1a808ac4-0b9e-49b2-9c68-cc8b94f53cb5	Узел 2	2	f	2	\N	539fc65b-7023-4d97-9dd7-7a44cbbf6914	45401d4a-d343-43b4-8e24-67f0bd68ba7d
3b7ea0c7-5188-46df-a2b2-c9a4e26f4cf7	Деталь 1	1	f	3	\N	539fc65b-7023-4d97-9dd7-7a44cbbf6914	45401d4a-d343-43b4-8e24-67f0bd68ba7d
1e286ccb-274d-4b95-82d8-28454a86382f	Изделие 1	1	t	1	f0b6fd33-2942-4f2c-9aa1-6b2a0d24a5c7	539fc65b-7023-4d97-9dd7-7a44cbbf6914	45401d4a-d343-43b4-8e24-67f0bd68ba7d
d06ea392-8b80-40e2-965f-b23ea451da80	Изделие 2	2	f	1	4c03cf36-8b7d-4543-953b-20f2bbe91f6c	539fc65b-7023-4d97-9dd7-7a44cbbf6914	45401d4a-d343-43b4-8e24-67f0bd68ba7d
\.


--
-- Data for Name: Roles; Type: TABLE DATA; Schema: public; Owner: -
--

COPY public."Roles" ("Id", "Name") FROM stdin;
42d19c42-d58e-40fd-b472-a7d4851ccb8b	Admin
48bfb58e-205c-40a3-8154-b2bdeaf4800a	Master
77fc897d-2f68-43f2-820c-d8dcf20bb149	Executor
6a950b5a-b6e0-4f94-a9fa-cde397ce2956	TechUser
a570d98e-ddf2-46df-ad22-3a011f701226	Chief
\.


--
-- Data for Name: Seams; Type: TABLE DATA; Schema: public; Owner: -
--

COPY public."Seams" ("Id", "Number", "IsControlSubject", "ProductId", "ProductionAreaId", "WorkplaceId") FROM stdin;
a4fd1909-b7af-457b-8603-216ed8ea993f	1	f	1e286ccb-274d-4b95-82d8-28454a86382f	539fc65b-7023-4d97-9dd7-7a44cbbf6914	45401d4a-d343-43b4-8e24-67f0bd68ba7d
fb4ba17a-b3e2-4ffe-90be-312ca4ab5cbe	2	t	d06ea392-8b80-40e2-965f-b23ea451da80	539fc65b-7023-4d97-9dd7-7a44cbbf6914	45401d4a-d343-43b4-8e24-67f0bd68ba7d
\.


--
-- Data for Name: TechnologicalInstruction; Type: TABLE DATA; Schema: public; Owner: -
--

COPY public."TechnologicalInstruction" ("Id", "Number", "Name", "SeamId", "TechnologicalProcessId") FROM stdin;
7adfed3a-0463-46c2-8362-a4b92da96d16	2	Инструкция 2	fb4ba17a-b3e2-4ffe-90be-312ca4ab5cbe	4c03cf36-8b7d-4543-953b-20f2bbe91f6c
fab1814b-5563-4072-bc6e-df7759b28cd2	1	Инструкция 1	a4fd1909-b7af-457b-8603-216ed8ea993f	f0b6fd33-2942-4f2c-9aa1-6b2a0d24a5c7
\.


--
-- Data for Name: TechnologicalProcesses; Type: TABLE DATA; Schema: public; Owner: -
--

COPY public."TechnologicalProcesses" ("Id", "Number", "Name", "PdmSystemFileLink") FROM stdin;
4c03cf36-8b7d-4543-953b-20f2bbe91f6c	2	Технологический процесс 2	Ссылка
f0b6fd33-2942-4f2c-9aa1-6b2a0d24a5c7	1	Технологический процесс 1	Ссылка
\.


--
-- Data for Name: UserRoles; Type: TABLE DATA; Schema: public; Owner: -
--

COPY public."UserRoles" ("UserId", "RoleId") FROM stdin;
807fe896-42cf-43bb-a035-cc617027fb17	a570d98e-ddf2-46df-ad22-3a011f701226
f286133f-5da4-4c99-b669-26b73e8d9ea6	77fc897d-2f68-43f2-820c-d8dcf20bb149
fcd7a363-d1cb-4b50-b5a8-94e136da2584	77fc897d-2f68-43f2-820c-d8dcf20bb149
febcbf25-70a2-40f7-91fd-97e6a6e22ea4	77fc897d-2f68-43f2-820c-d8dcf20bb149
1398a463-f801-4975-97be-0951abc1528e	6a950b5a-b6e0-4f94-a9fa-cde397ce2956
9a4495ff-2f46-46d9-a909-4551da84451b	48bfb58e-205c-40a3-8154-b2bdeaf4800a
f6d4c499-d62b-4b98-b4e3-3ac2e7281396	42d19c42-d58e-40fd-b472-a7d4851ccb8b
\.


--
-- Data for Name: Users; Type: TABLE DATA; Schema: public; Owner: -
--

COPY public."Users" ("Id", "FirstName", "LastName", "MiddleName", "UserName", "Email", "PasswordHash", "Position", "ServiceNumber", "CertificateValidityPeriod", "RfidTag", "ProductionAreaId") FROM stdin;
807fe896-42cf-43bb-a035-cc617027fb17	Имя начальника цеха	Отчество начальника цеха	Фамилия начальника цеха	UserName	Email	PasswordHash	Должность 1	Табельный номер  1	2025-02-02 00:00:00	RFID метка начальника цеха 1	539fc65b-7023-4d97-9dd7-7a44cbbf6914
f286133f-5da4-4c99-b669-26b73e8d9ea6	Имя 3	Отчество 3	Фамилия 3	UserName	Email	PasswordHash	Должность 3	Табельный номер 3	2025-03-03 00:00:00	RFID метка сварщика 3	6c47ea07-e9fb-4aa2-8a9d-2adefa638235
fcd7a363-d1cb-4b50-b5a8-94e136da2584	Имя 2	Отчество 2	Фамилия 2	UserName	Email	PasswordHash	Должность 2	Табельный номер  2	2025-01-01 00:00:00	RFID метка сварщика 2	6bb7cf3b-2b41-442d-80a3-d817e2066f58
febcbf25-70a2-40f7-91fd-97e6a6e22ea4	Имя 1	Отчество 1	Фамилия 1	UserName	Email	PasswordHash	Должность 1	Табельный номер  1	2025-02-02 00:00:00	RFID метка сварщика 1	539fc65b-7023-4d97-9dd7-7a44cbbf6914
1398a463-f801-4975-97be-0951abc1528e	Имя Контролера	Имя Контролера	Имя Контролера	UserName	Email	PasswordHash	Должность 1	Табельный номер  1	2025-02-02 00:00:00	RFID метка проверяющего 1	539fc65b-7023-4d97-9dd7-7a44cbbf6914
9a4495ff-2f46-46d9-a909-4551da84451b	Имя мастера	Отчество мастера	Фамилия мастера	UserName	Email	PasswordHash	Должность 1	Табельный номер  1	2025-02-02 00:00:00	RFID метка проверяющего 1	539fc65b-7023-4d97-9dd7-7a44cbbf6914
f6d4c499-d62b-4b98-b4e3-3ac2e7281396	Admin	Adminovich	Admin	admin1@admin.com	admin@admin.com	$MYHASH$V1$10000$c6xzCArZ3IXDTHqqelgjtD9jrmojMqUtQiNQy5sZXmOBQi2Q	\N	\N	\N	\N	\N
\.


--
-- Data for Name: WeldPassages; Type: TABLE DATA; Schema: public; Owner: -
--

COPY public."WeldPassages" ("Id", "Number", "Name", "WeldingCurrentMin", "WeldingCurrentMax", "ArcVoltageMin", "ArcVoltageMax", "PreheatingTemperatureMin", "PreheatingTemperatureMax", "SeamId", "TechnologicalInstructionId") FROM stdin;
2cefac52-0277-47d5-b9b7-6dd4a701d26a	1	Корневой	1	100	5	50	10	60	a4fd1909-b7af-457b-8603-216ed8ea993f	fab1814b-5563-4072-bc6e-df7759b28cd2
fbd6e46f-a86e-4a44-bddc-03bd809a3b6b	2	Заполняющий	1	100	5	50	10	60	fb4ba17a-b3e2-4ffe-90be-312ca4ab5cbe	7adfed3a-0463-46c2-8362-a4b92da96d16
\.


--
-- Data for Name: Welders; Type: TABLE DATA; Schema: public; Owner: -
--

COPY public."Welders" ("Id", "UserId", "WorkplaceId") FROM stdin;
4ea0e4e8-9363-40f6-86d1-f68270ef7849	febcbf25-70a2-40f7-91fd-97e6a6e22ea4	\N
a68649c6-9e62-4bf4-b67c-501fb7395ca7	f286133f-5da4-4c99-b669-26b73e8d9ea6	ef33e2b8-298a-4ca7-b137-daf033789c5d
bea22dfa-ccfe-4ca7-aa8d-d0c6839d9684	fcd7a363-d1cb-4b50-b5a8-94e136da2584	b44ea4a2-7b58-4048-92df-029c62792b43
\.


--
-- Data for Name: WeldingEquipmentConditionTimes; Type: TABLE DATA; Schema: public; Owner: -
--

COPY public."WeldingEquipmentConditionTimes" ("Id", "Condition", "DowntimeReason", "Date", "ChangeConditionTime", "Time", "WeldingEquipmentId") FROM stdin;
03f26ab3-dabf-4d04-bccb-da494d83782f	4	Какая-то причина простоя	2023-01-17 00:00:00	09:30:00	30	6a46bdb7-83b2-4a5c-a751-0fbe7e0766d8
06a7554a-a14c-415d-ab2a-ba551b2a0122	3	\N	2023-01-17 00:00:00	\N	60	5174596e-8827-4d98-8be2-ab1b54e03b0d
61b0df8f-d012-40e4-837d-b8ac85ee5117	4	Какая-то причина простоя 3	2023-01-17 00:00:00	12:50:00	60	5174596e-8827-4d98-8be2-ab1b54e03b0d
803b5ad3-44e6-484b-8ffc-22cc03f2d45a	3	\N	2023-01-17 00:00:00	\N	60	6a46bdb7-83b2-4a5c-a751-0fbe7e0766d8
c62da202-3c17-450a-8c41-1e3d05af9df2	4	Какая-то причина простоя 2	2023-01-17 00:00:00	19:30:00	10	6a46bdb7-83b2-4a5c-a751-0fbe7e0766d8
d23ae7a3-c185-4cb9-a3ab-84ebd4db1b61	3	\N	2023-01-17 00:00:00	\N	60	69309b63-b3f4-4145-af3c-d98d47ba6e54
e7257ad0-90f3-4459-9591-ebc2f5481206	3	\N	2023-01-17 00:00:00	\N	30	6a46bdb7-83b2-4a5c-a751-0fbe7e0766d8
\.


--
-- Data for Name: WeldingEquipments; Type: TABLE DATA; Schema: public; Owner: -
--

COPY public."WeldingEquipments" ("Id", "RfidTag", "Name", "Marking", "FactoryNumber", "CommissioningDate", "CurrentCondition", "Height", "Width", "Lenght", "GroupNumber", "ManufacturerName", "NextAttestationDate", "WeldingProcess", "IdleVoltage", "WeldingCurrentMin", "WeldingCurrentMax", "ArcVoltageMin", "ArcVoltageMax", "PostId", "WelderId") FROM stdin;
5174596e-8827-4d98-8be2-ab1b54e03b0d	RFID метка 3	Какое-то оборудование 3	Маркировка 3	32	2022-02-23 00:00:00	3	20	30	40	3	Изготовитель 3	2024-02-05 00:00:00	Способ сварки 3	12.3	5.5	10.9	6.1	7.9	\N	bea22dfa-ccfe-4ca7-aa8d-d0c6839d9684
69309b63-b3f4-4145-af3c-d98d47ba6e54	RFID метка 2	Какое-то оборудование 2	Маркировка 2	22	2021-02-23 00:00:00	1	20	30	40	3	Изготовитель 2	2023-02-05 00:00:00	Способ сварки 2	12.3	5.5	10.9	6.1	7.9	7ba1d5cb-2f3e-4d55-898d-8f6dd19e08fa	a68649c6-9e62-4bf4-b67c-501fb7395ca7
6a46bdb7-83b2-4a5c-a751-0fbe7e0766d8	RFID метка 1	Какое-то оборудование 1	Маркировка 1	12	2020-01-23 00:00:00	2	20	30	40	3	Изготовитель 1	2023-02-05 00:00:00	Способ сварки 1	12.3	5.5	10.9	6.1	7.9	7ba1d5cb-2f3e-4d55-898d-8f6dd19e08fa	4ea0e4e8-9363-40f6-86d1-f68270ef7849
\.


--
-- Data for Name: WeldingTasks; Type: TABLE DATA; Schema: public; Owner: -
--

COPY public."WeldingTasks" ("Id", "Number", "WelderId", "MasterId", "InspectorId", "WeldingDate", "WeldingStartTime", "WeldingEndTime", "AmbientTemperature", "AirHumidity", "InterlayerTemperature", "CurrentLayerNumber", "PreheatingTemperature", "Status", "DefectReasons", "DefectsDetected", "WeldingCurrentValues", "ArcVoltageValues", "ShortTermDeviation", "LongTermDeviation", "BasicMaterial", "MainMaterialBatchNumber", "WeldingMaterial", "WeldingMaterialBatchNumber", "ProtectiveGas", "ProtectiveGasBatchNumber", "ProductId", "SeamId") FROM stdin;
025bc49f-b6a8-4a48-b16f-b6d95f53db56	6	a68649c6-9e62-4bf4-b67c-501fb7395ca7	9d6aa5d6-5365-4ad6-811f-59b69f43a9ce	5a2a6963-8a50-4885-9fcd-99fd0e8e1f48	2022-01-01 00:00:00	2022-01-03 00:00:00	\N	31	2	22	2	11	2	\N	\N	{1.2,2.3,6.8}	{11.2,2.33,26.8}	\N	\N	Основной материал	№ сертификата	варочные материалы	№ сертификата	\N	\N	07da07ae-6887-4896-bb64-4970f0de87f5	\N
173b7441-9cb5-4b9b-a64c-819b1849d4d3	6	a68649c6-9e62-4bf4-b67c-501fb7395ca7	9d6aa5d6-5365-4ad6-811f-59b69f43a9ce	5a2a6963-8a50-4885-9fcd-99fd0e8e1f48	2022-01-01 00:00:00	2022-01-03 00:00:00	\N	31	2	22	2	11	2	\N	\N	{1.2,2.3,6.8}	{11.2,2.33,26.8}	\N	\N	Основной материал	№ сертификата	варочные материалы	№ сертификата	\N	\N	1a808ac4-0b9e-49b2-9c68-cc8b94f53cb5	\N
2a6a3ffb-86d5-46e4-9fb5-dda567f438df	4	a68649c6-9e62-4bf4-b67c-501fb7395ca7	9d6aa5d6-5365-4ad6-811f-59b69f43a9ce	5a2a6963-8a50-4885-9fcd-99fd0e8e1f48	2022-01-01 00:00:00	2022-01-03 00:00:00	\N	320	1	220	12	2	3	\N	\N	{1.2,2.3,6.8}	{11.2,2.33,26.8}	\N	\N	Основной материал	№ сертификата	варочные материалы	№ сертификата	\N	\N	\N	a4fd1909-b7af-457b-8603-216ed8ea993f
44220574-4602-4e89-9dcb-dc0643f0a124	2	a68649c6-9e62-4bf4-b67c-501fb7395ca7	9d6aa5d6-5365-4ad6-811f-59b69f43a9ce	5a2a6963-8a50-4885-9fcd-99fd0e8e1f48	2022-01-01 00:00:00	2022-01-03 00:00:00	\N	3067	41	203	31	110	1	\N	\N	{1.2,2.3,6.8}	{11.2,2.33,26.8}	\N	\N	Основной материал	№ сертификата	варочные материалы	№ сертификата	\N	\N	1e286ccb-274d-4b95-82d8-28454a86382f	\N
82da1194-ea63-4d12-ad9c-8c7f27441f1e	1	a68649c6-9e62-4bf4-b67c-501fb7395ca7	9d6aa5d6-5365-4ad6-811f-59b69f43a9ce	5a2a6963-8a50-4885-9fcd-99fd0e8e1f48	2022-01-01 00:00:00	2022-01-03 00:00:00	\N	300	1	200	81	150	2	\N	\N	{1.2,2.3,6.8}	{11.2,2.33,26.8}	\N	\N	Основной материал	№ сертификата	варочные материалы	№ сертификата	\N	\N	\N	fb4ba17a-b3e2-4ffe-90be-312ca4ab5cbe
90a798e8-e94a-423e-8f34-685e3433cf8a	3	a68649c6-9e62-4bf4-b67c-501fb7395ca7	9d6aa5d6-5365-4ad6-811f-59b69f43a9ce	5a2a6963-8a50-4885-9fcd-99fd0e8e1f48	2022-01-01 00:00:00	2022-01-03 00:00:00	\N	390	81	820	81	170	2	\N	\N	{1.2,2.3,6.8}	{11.2,2.33,26.8}	\N	\N	Основной материал	№ сертификата	варочные материалы	№ сертификата	\N	\N	3b7ea0c7-5188-46df-a2b2-c9a4e26f4cf7	\N
b3215142-7ca8-4357-8bdb-65a1441f8b06	5	a68649c6-9e62-4bf4-b67c-501fb7395ca7	9d6aa5d6-5365-4ad6-811f-59b69f43a9ce	5a2a6963-8a50-4885-9fcd-99fd0e8e1f48	2022-01-01 00:00:00	2022-01-03 00:00:00	\N	130	21	23	13	10	4	\N	\N	{1.2,2.3,6.8}	{11.2,2.33,26.8}	\N	\N	Основной материал	№ сертификата	варочные материалы	№ сертификата	\N	\N	d06ea392-8b80-40e2-965f-b23ea451da80	\N
caadb437-6cf2-4262-882b-dd96300a928b	6	a68649c6-9e62-4bf4-b67c-501fb7395ca7	9d6aa5d6-5365-4ad6-811f-59b69f43a9ce	5a2a6963-8a50-4885-9fcd-99fd0e8e1f48	2022-01-01 00:00:00	2022-01-03 00:00:00	\N	31	2	22	2	11	2	\N	\N	{1.2,2.3,6.8}	{11.2,2.33,26.8}	\N	\N	Основной материал	№ сертификата	варочные материалы	№ сертификата	\N	\N	01b06f32-f329-4af3-bc3f-3245639e60ea	\N
\.


--
-- Data for Name: WorkingShifts; Type: TABLE DATA; Schema: public; Owner: -
--

COPY public."WorkingShifts" ("Id", "Number", "ShiftStart", "ShiftEnd", "BreakStart", "BreakEnd", "DayId", "CalendarId") FROM stdin;
\.


--
-- Data for Name: Workplaces; Type: TABLE DATA; Schema: public; Owner: -
--

COPY public."Workplaces" ("Id", "Number", "PostId", "ProductionAreaId") FROM stdin;
45401d4a-d343-43b4-8e24-67f0bd68ba7d	1	\N	539fc65b-7023-4d97-9dd7-7a44cbbf6914
b44ea4a2-7b58-4048-92df-029c62792b43	3	\N	6bb7cf3b-2b41-442d-80a3-d817e2066f58
ef33e2b8-298a-4ca7-b137-daf033789c5d	2	\N	6c47ea07-e9fb-4aa2-8a9d-2adefa638235
\.


--
-- Data for Name: Workshops; Type: TABLE DATA; Schema: public; Owner: -
--

COPY public."Workshops" ("Id", "Name", "Number") FROM stdin;
647f37b7-3bac-4582-9380-3db458ee26ba	Цех	1
\.


--
-- Name: Calendars PK_Calendars; Type: CONSTRAINT; Schema: public; Owner: -
--

ALTER TABLE ONLY public."Calendars"
    ADD CONSTRAINT "PK_Calendars" PRIMARY KEY ("Id");


--
-- Name: Chiefs PK_Chiefs; Type: CONSTRAINT; Schema: public; Owner: -
--

ALTER TABLE ONLY public."Chiefs"
    ADD CONSTRAINT "PK_Chiefs" PRIMARY KEY ("Id");


--
-- Name: Days PK_Days; Type: CONSTRAINT; Schema: public; Owner: -
--

ALTER TABLE ONLY public."Days"
    ADD CONSTRAINT "PK_Days" PRIMARY KEY ("Id");


--
-- Name: EventLogs PK_EventLogs; Type: CONSTRAINT; Schema: public; Owner: -
--

ALTER TABLE ONLY public."EventLogs"
    ADD CONSTRAINT "PK_EventLogs" PRIMARY KEY ("Id");


--
-- Name: Inspectors PK_Inspectors; Type: CONSTRAINT; Schema: public; Owner: -
--

ALTER TABLE ONLY public."Inspectors"
    ADD CONSTRAINT "PK_Inspectors" PRIMARY KEY ("Id");


--
-- Name: LayerInstructions PK_LayerInstructions; Type: CONSTRAINT; Schema: public; Owner: -
--

ALTER TABLE ONLY public."LayerInstructions"
    ADD CONSTRAINT "PK_LayerInstructions" PRIMARY KEY ("Id");


--
-- Name: Masters PK_Masters; Type: CONSTRAINT; Schema: public; Owner: -
--

ALTER TABLE ONLY public."Masters"
    ADD CONSTRAINT "PK_Masters" PRIMARY KEY ("Id");


--
-- Name: Posts PK_Posts; Type: CONSTRAINT; Schema: public; Owner: -
--

ALTER TABLE ONLY public."Posts"
    ADD CONSTRAINT "PK_Posts" PRIMARY KEY ("Id");


--
-- Name: ProductInsides PK_ProductInsides; Type: CONSTRAINT; Schema: public; Owner: -
--

ALTER TABLE ONLY public."ProductInsides"
    ADD CONSTRAINT "PK_ProductInsides" PRIMARY KEY ("InsideProductId", "MainProductId");


--
-- Name: ProductionAreas PK_ProductionAreas; Type: CONSTRAINT; Schema: public; Owner: -
--

ALTER TABLE ONLY public."ProductionAreas"
    ADD CONSTRAINT "PK_ProductionAreas" PRIMARY KEY ("Id");


--
-- Name: Products PK_Products; Type: CONSTRAINT; Schema: public; Owner: -
--

ALTER TABLE ONLY public."Products"
    ADD CONSTRAINT "PK_Products" PRIMARY KEY ("Id");


--
-- Name: Roles PK_Roles; Type: CONSTRAINT; Schema: public; Owner: -
--

ALTER TABLE ONLY public."Roles"
    ADD CONSTRAINT "PK_Roles" PRIMARY KEY ("Id");


--
-- Name: Seams PK_Seams; Type: CONSTRAINT; Schema: public; Owner: -
--

ALTER TABLE ONLY public."Seams"
    ADD CONSTRAINT "PK_Seams" PRIMARY KEY ("Id");


--
-- Name: TechnologicalInstruction PK_TechnologicalInstruction; Type: CONSTRAINT; Schema: public; Owner: -
--

ALTER TABLE ONLY public."TechnologicalInstruction"
    ADD CONSTRAINT "PK_TechnologicalInstruction" PRIMARY KEY ("Id");


--
-- Name: TechnologicalProcesses PK_TechnologicalProcesses; Type: CONSTRAINT; Schema: public; Owner: -
--

ALTER TABLE ONLY public."TechnologicalProcesses"
    ADD CONSTRAINT "PK_TechnologicalProcesses" PRIMARY KEY ("Id");


--
-- Name: UserRoles PK_UserRoles; Type: CONSTRAINT; Schema: public; Owner: -
--

ALTER TABLE ONLY public."UserRoles"
    ADD CONSTRAINT "PK_UserRoles" PRIMARY KEY ("RoleId", "UserId");


--
-- Name: Users PK_Users; Type: CONSTRAINT; Schema: public; Owner: -
--

ALTER TABLE ONLY public."Users"
    ADD CONSTRAINT "PK_Users" PRIMARY KEY ("Id");


--
-- Name: WeldPassages PK_WeldPassages; Type: CONSTRAINT; Schema: public; Owner: -
--

ALTER TABLE ONLY public."WeldPassages"
    ADD CONSTRAINT "PK_WeldPassages" PRIMARY KEY ("Id");


--
-- Name: Welders PK_Welders; Type: CONSTRAINT; Schema: public; Owner: -
--

ALTER TABLE ONLY public."Welders"
    ADD CONSTRAINT "PK_Welders" PRIMARY KEY ("Id");


--
-- Name: WeldingEquipmentConditionTimes PK_WeldingEquipmentConditionTimes; Type: CONSTRAINT; Schema: public; Owner: -
--

ALTER TABLE ONLY public."WeldingEquipmentConditionTimes"
    ADD CONSTRAINT "PK_WeldingEquipmentConditionTimes" PRIMARY KEY ("Id");


--
-- Name: WeldingEquipments PK_WeldingEquipments; Type: CONSTRAINT; Schema: public; Owner: -
--

ALTER TABLE ONLY public."WeldingEquipments"
    ADD CONSTRAINT "PK_WeldingEquipments" PRIMARY KEY ("Id");


--
-- Name: WeldingTasks PK_WeldingTasks; Type: CONSTRAINT; Schema: public; Owner: -
--

ALTER TABLE ONLY public."WeldingTasks"
    ADD CONSTRAINT "PK_WeldingTasks" PRIMARY KEY ("Id");


--
-- Name: WorkingShifts PK_WorkingShifts; Type: CONSTRAINT; Schema: public; Owner: -
--

ALTER TABLE ONLY public."WorkingShifts"
    ADD CONSTRAINT "PK_WorkingShifts" PRIMARY KEY ("Id");


--
-- Name: Workplaces PK_Workplaces; Type: CONSTRAINT; Schema: public; Owner: -
--

ALTER TABLE ONLY public."Workplaces"
    ADD CONSTRAINT "PK_Workplaces" PRIMARY KEY ("Id");


--
-- Name: Workshops PK_Workshops; Type: CONSTRAINT; Schema: public; Owner: -
--

ALTER TABLE ONLY public."Workshops"
    ADD CONSTRAINT "PK_Workshops" PRIMARY KEY ("Id");


--
-- Name: IX_Calendars_WelderId; Type: INDEX; Schema: public; Owner: -
--

CREATE INDEX "IX_Calendars_WelderId" ON public."Calendars" USING btree ("WelderId");


--
-- Name: IX_Calendars_WeldingEquipmentId; Type: INDEX; Schema: public; Owner: -
--

CREATE INDEX "IX_Calendars_WeldingEquipmentId" ON public."Calendars" USING btree ("WeldingEquipmentId");


--
-- Name: IX_Chiefs_UserId; Type: INDEX; Schema: public; Owner: -
--

CREATE INDEX "IX_Chiefs_UserId" ON public."Chiefs" USING btree ("UserId");


--
-- Name: IX_Chiefs_WeldingEquipmentId; Type: INDEX; Schema: public; Owner: -
--

CREATE UNIQUE INDEX "IX_Chiefs_WeldingEquipmentId" ON public."Chiefs" USING btree ("WeldingEquipmentId");


--
-- Name: IX_Days_CalendarId; Type: INDEX; Schema: public; Owner: -
--

CREATE INDEX "IX_Days_CalendarId" ON public."Days" USING btree ("CalendarId");


--
-- Name: IX_EventLogs_UserId; Type: INDEX; Schema: public; Owner: -
--

CREATE INDEX "IX_EventLogs_UserId" ON public."EventLogs" USING btree ("UserId");


--
-- Name: IX_Inspectors_UserId; Type: INDEX; Schema: public; Owner: -
--

CREATE INDEX "IX_Inspectors_UserId" ON public."Inspectors" USING btree ("UserId");


--
-- Name: IX_LayerInstructions_WeldPassageId; Type: INDEX; Schema: public; Owner: -
--

CREATE INDEX "IX_LayerInstructions_WeldPassageId" ON public."LayerInstructions" USING btree ("WeldPassageId");


--
-- Name: IX_Masters_UserId; Type: INDEX; Schema: public; Owner: -
--

CREATE INDEX "IX_Masters_UserId" ON public."Masters" USING btree ("UserId");


--
-- Name: IX_Masters_WeldingEquipmentId; Type: INDEX; Schema: public; Owner: -
--

CREATE UNIQUE INDEX "IX_Masters_WeldingEquipmentId" ON public."Masters" USING btree ("WeldingEquipmentId");


--
-- Name: IX_Posts_ProductionAreaId; Type: INDEX; Schema: public; Owner: -
--

CREATE INDEX "IX_Posts_ProductionAreaId" ON public."Posts" USING btree ("ProductionAreaId");


--
-- Name: IX_ProductInsides_MainProductId; Type: INDEX; Schema: public; Owner: -
--

CREATE INDEX "IX_ProductInsides_MainProductId" ON public."ProductInsides" USING btree ("MainProductId");


--
-- Name: IX_ProductionAreas_WorkshopId; Type: INDEX; Schema: public; Owner: -
--

CREATE INDEX "IX_ProductionAreas_WorkshopId" ON public."ProductionAreas" USING btree ("WorkshopId");


--
-- Name: IX_Products_ProductionAreaId; Type: INDEX; Schema: public; Owner: -
--

CREATE INDEX "IX_Products_ProductionAreaId" ON public."Products" USING btree ("ProductionAreaId");


--
-- Name: IX_Products_TechnologicalProcessId; Type: INDEX; Schema: public; Owner: -
--

CREATE INDEX "IX_Products_TechnologicalProcessId" ON public."Products" USING btree ("TechnologicalProcessId");


--
-- Name: IX_Products_WorkplaceId; Type: INDEX; Schema: public; Owner: -
--

CREATE INDEX "IX_Products_WorkplaceId" ON public."Products" USING btree ("WorkplaceId");


--
-- Name: IX_Seams_ProductId; Type: INDEX; Schema: public; Owner: -
--

CREATE INDEX "IX_Seams_ProductId" ON public."Seams" USING btree ("ProductId");


--
-- Name: IX_Seams_ProductionAreaId; Type: INDEX; Schema: public; Owner: -
--

CREATE INDEX "IX_Seams_ProductionAreaId" ON public."Seams" USING btree ("ProductionAreaId");


--
-- Name: IX_Seams_WorkplaceId; Type: INDEX; Schema: public; Owner: -
--

CREATE INDEX "IX_Seams_WorkplaceId" ON public."Seams" USING btree ("WorkplaceId");


--
-- Name: IX_TechnologicalInstruction_SeamId; Type: INDEX; Schema: public; Owner: -
--

CREATE UNIQUE INDEX "IX_TechnologicalInstruction_SeamId" ON public."TechnologicalInstruction" USING btree ("SeamId");


--
-- Name: IX_TechnologicalInstruction_TechnologicalProcessId; Type: INDEX; Schema: public; Owner: -
--

CREATE INDEX "IX_TechnologicalInstruction_TechnologicalProcessId" ON public."TechnologicalInstruction" USING btree ("TechnologicalProcessId");


--
-- Name: IX_UserRoles_UserId; Type: INDEX; Schema: public; Owner: -
--

CREATE INDEX "IX_UserRoles_UserId" ON public."UserRoles" USING btree ("UserId");


--
-- Name: IX_Users_ProductionAreaId; Type: INDEX; Schema: public; Owner: -
--

CREATE INDEX "IX_Users_ProductionAreaId" ON public."Users" USING btree ("ProductionAreaId");


--
-- Name: IX_WeldPassages_SeamId; Type: INDEX; Schema: public; Owner: -
--

CREATE INDEX "IX_WeldPassages_SeamId" ON public."WeldPassages" USING btree ("SeamId");


--
-- Name: IX_WeldPassages_TechnologicalInstructionId; Type: INDEX; Schema: public; Owner: -
--

CREATE INDEX "IX_WeldPassages_TechnologicalInstructionId" ON public."WeldPassages" USING btree ("TechnologicalInstructionId");


--
-- Name: IX_Welders_UserId; Type: INDEX; Schema: public; Owner: -
--

CREATE INDEX "IX_Welders_UserId" ON public."Welders" USING btree ("UserId");


--
-- Name: IX_Welders_WorkplaceId; Type: INDEX; Schema: public; Owner: -
--

CREATE INDEX "IX_Welders_WorkplaceId" ON public."Welders" USING btree ("WorkplaceId");


--
-- Name: IX_WeldingEquipmentConditionTimes_WeldingEquipmentId; Type: INDEX; Schema: public; Owner: -
--

CREATE INDEX "IX_WeldingEquipmentConditionTimes_WeldingEquipmentId" ON public."WeldingEquipmentConditionTimes" USING btree ("WeldingEquipmentId");


--
-- Name: IX_WeldingEquipments_PostId; Type: INDEX; Schema: public; Owner: -
--

CREATE INDEX "IX_WeldingEquipments_PostId" ON public."WeldingEquipments" USING btree ("PostId");


--
-- Name: IX_WeldingEquipments_WelderId; Type: INDEX; Schema: public; Owner: -
--

CREATE INDEX "IX_WeldingEquipments_WelderId" ON public."WeldingEquipments" USING btree ("WelderId");


--
-- Name: IX_WeldingTasks_InspectorId; Type: INDEX; Schema: public; Owner: -
--

CREATE INDEX "IX_WeldingTasks_InspectorId" ON public."WeldingTasks" USING btree ("InspectorId");


--
-- Name: IX_WeldingTasks_MasterId; Type: INDEX; Schema: public; Owner: -
--

CREATE INDEX "IX_WeldingTasks_MasterId" ON public."WeldingTasks" USING btree ("MasterId");


--
-- Name: IX_WeldingTasks_ProductId; Type: INDEX; Schema: public; Owner: -
--

CREATE UNIQUE INDEX "IX_WeldingTasks_ProductId" ON public."WeldingTasks" USING btree ("ProductId");


--
-- Name: IX_WeldingTasks_SeamId; Type: INDEX; Schema: public; Owner: -
--

CREATE UNIQUE INDEX "IX_WeldingTasks_SeamId" ON public."WeldingTasks" USING btree ("SeamId");


--
-- Name: IX_WeldingTasks_WelderId; Type: INDEX; Schema: public; Owner: -
--

CREATE INDEX "IX_WeldingTasks_WelderId" ON public."WeldingTasks" USING btree ("WelderId");


--
-- Name: IX_WorkingShifts_CalendarId; Type: INDEX; Schema: public; Owner: -
--

CREATE INDEX "IX_WorkingShifts_CalendarId" ON public."WorkingShifts" USING btree ("CalendarId");


--
-- Name: IX_WorkingShifts_DayId; Type: INDEX; Schema: public; Owner: -
--

CREATE INDEX "IX_WorkingShifts_DayId" ON public."WorkingShifts" USING btree ("DayId");


--
-- Name: IX_Workplaces_PostId; Type: INDEX; Schema: public; Owner: -
--

CREATE INDEX "IX_Workplaces_PostId" ON public."Workplaces" USING btree ("PostId");


--
-- Name: IX_Workplaces_ProductionAreaId; Type: INDEX; Schema: public; Owner: -
--

CREATE INDEX "IX_Workplaces_ProductionAreaId" ON public."Workplaces" USING btree ("ProductionAreaId");


--
-- Name: Calendars FK_Calendars_Welders_WelderId; Type: FK CONSTRAINT; Schema: public; Owner: -
--

ALTER TABLE ONLY public."Calendars"
    ADD CONSTRAINT "FK_Calendars_Welders_WelderId" FOREIGN KEY ("WelderId") REFERENCES public."Welders"("Id");


--
-- Name: Calendars FK_Calendars_WeldingEquipments_WeldingEquipmentId; Type: FK CONSTRAINT; Schema: public; Owner: -
--

ALTER TABLE ONLY public."Calendars"
    ADD CONSTRAINT "FK_Calendars_WeldingEquipments_WeldingEquipmentId" FOREIGN KEY ("WeldingEquipmentId") REFERENCES public."WeldingEquipments"("Id");


--
-- Name: Chiefs FK_Chiefs_Users_UserId; Type: FK CONSTRAINT; Schema: public; Owner: -
--

ALTER TABLE ONLY public."Chiefs"
    ADD CONSTRAINT "FK_Chiefs_Users_UserId" FOREIGN KEY ("UserId") REFERENCES public."Users"("Id") ON DELETE CASCADE;


--
-- Name: Chiefs FK_Chiefs_WeldingEquipments_WeldingEquipmentId; Type: FK CONSTRAINT; Schema: public; Owner: -
--

ALTER TABLE ONLY public."Chiefs"
    ADD CONSTRAINT "FK_Chiefs_WeldingEquipments_WeldingEquipmentId" FOREIGN KEY ("WeldingEquipmentId") REFERENCES public."WeldingEquipments"("Id");


--
-- Name: Days FK_Days_Calendars_CalendarId; Type: FK CONSTRAINT; Schema: public; Owner: -
--

ALTER TABLE ONLY public."Days"
    ADD CONSTRAINT "FK_Days_Calendars_CalendarId" FOREIGN KEY ("CalendarId") REFERENCES public."Calendars"("Id") ON DELETE CASCADE;


--
-- Name: EventLogs FK_EventLogs_Users_UserId; Type: FK CONSTRAINT; Schema: public; Owner: -
--

ALTER TABLE ONLY public."EventLogs"
    ADD CONSTRAINT "FK_EventLogs_Users_UserId" FOREIGN KEY ("UserId") REFERENCES public."Users"("Id");


--
-- Name: Inspectors FK_Inspectors_Users_UserId; Type: FK CONSTRAINT; Schema: public; Owner: -
--

ALTER TABLE ONLY public."Inspectors"
    ADD CONSTRAINT "FK_Inspectors_Users_UserId" FOREIGN KEY ("UserId") REFERENCES public."Users"("Id") ON DELETE CASCADE;


--
-- Name: LayerInstructions FK_LayerInstructions_WeldPassages_WeldPassageId; Type: FK CONSTRAINT; Schema: public; Owner: -
--

ALTER TABLE ONLY public."LayerInstructions"
    ADD CONSTRAINT "FK_LayerInstructions_WeldPassages_WeldPassageId" FOREIGN KEY ("WeldPassageId") REFERENCES public."WeldPassages"("Id");


--
-- Name: Masters FK_Masters_Users_UserId; Type: FK CONSTRAINT; Schema: public; Owner: -
--

ALTER TABLE ONLY public."Masters"
    ADD CONSTRAINT "FK_Masters_Users_UserId" FOREIGN KEY ("UserId") REFERENCES public."Users"("Id") ON DELETE CASCADE;


--
-- Name: Masters FK_Masters_WeldingEquipments_WeldingEquipmentId; Type: FK CONSTRAINT; Schema: public; Owner: -
--

ALTER TABLE ONLY public."Masters"
    ADD CONSTRAINT "FK_Masters_WeldingEquipments_WeldingEquipmentId" FOREIGN KEY ("WeldingEquipmentId") REFERENCES public."WeldingEquipments"("Id");


--
-- Name: Posts FK_Posts_ProductionAreas_ProductionAreaId; Type: FK CONSTRAINT; Schema: public; Owner: -
--

ALTER TABLE ONLY public."Posts"
    ADD CONSTRAINT "FK_Posts_ProductionAreas_ProductionAreaId" FOREIGN KEY ("ProductionAreaId") REFERENCES public."ProductionAreas"("Id") ON DELETE CASCADE;


--
-- Name: ProductInsides FK_ProductInsides_Products_InsideProductId; Type: FK CONSTRAINT; Schema: public; Owner: -
--

ALTER TABLE ONLY public."ProductInsides"
    ADD CONSTRAINT "FK_ProductInsides_Products_InsideProductId" FOREIGN KEY ("InsideProductId") REFERENCES public."Products"("Id") ON DELETE RESTRICT;


--
-- Name: ProductInsides FK_ProductInsides_Products_MainProductId; Type: FK CONSTRAINT; Schema: public; Owner: -
--

ALTER TABLE ONLY public."ProductInsides"
    ADD CONSTRAINT "FK_ProductInsides_Products_MainProductId" FOREIGN KEY ("MainProductId") REFERENCES public."Products"("Id") ON DELETE CASCADE;


--
-- Name: ProductionAreas FK_ProductionAreas_Workshops_WorkshopId; Type: FK CONSTRAINT; Schema: public; Owner: -
--

ALTER TABLE ONLY public."ProductionAreas"
    ADD CONSTRAINT "FK_ProductionAreas_Workshops_WorkshopId" FOREIGN KEY ("WorkshopId") REFERENCES public."Workshops"("Id") ON DELETE CASCADE;


--
-- Name: Products FK_Products_ProductionAreas_ProductionAreaId; Type: FK CONSTRAINT; Schema: public; Owner: -
--

ALTER TABLE ONLY public."Products"
    ADD CONSTRAINT "FK_Products_ProductionAreas_ProductionAreaId" FOREIGN KEY ("ProductionAreaId") REFERENCES public."ProductionAreas"("Id");


--
-- Name: Products FK_Products_TechnologicalProcesses_TechnologicalProcessId; Type: FK CONSTRAINT; Schema: public; Owner: -
--

ALTER TABLE ONLY public."Products"
    ADD CONSTRAINT "FK_Products_TechnologicalProcesses_TechnologicalProcessId" FOREIGN KEY ("TechnologicalProcessId") REFERENCES public."TechnologicalProcesses"("Id");


--
-- Name: Products FK_Products_Workplaces_WorkplaceId; Type: FK CONSTRAINT; Schema: public; Owner: -
--

ALTER TABLE ONLY public."Products"
    ADD CONSTRAINT "FK_Products_Workplaces_WorkplaceId" FOREIGN KEY ("WorkplaceId") REFERENCES public."Workplaces"("Id");


--
-- Name: Seams FK_Seams_ProductionAreas_ProductionAreaId; Type: FK CONSTRAINT; Schema: public; Owner: -
--

ALTER TABLE ONLY public."Seams"
    ADD CONSTRAINT "FK_Seams_ProductionAreas_ProductionAreaId" FOREIGN KEY ("ProductionAreaId") REFERENCES public."ProductionAreas"("Id");


--
-- Name: Seams FK_Seams_Products_ProductId; Type: FK CONSTRAINT; Schema: public; Owner: -
--

ALTER TABLE ONLY public."Seams"
    ADD CONSTRAINT "FK_Seams_Products_ProductId" FOREIGN KEY ("ProductId") REFERENCES public."Products"("Id");


--
-- Name: Seams FK_Seams_Workplaces_WorkplaceId; Type: FK CONSTRAINT; Schema: public; Owner: -
--

ALTER TABLE ONLY public."Seams"
    ADD CONSTRAINT "FK_Seams_Workplaces_WorkplaceId" FOREIGN KEY ("WorkplaceId") REFERENCES public."Workplaces"("Id");


--
-- Name: TechnologicalInstruction FK_TechnologicalInstruction_Seams_SeamId; Type: FK CONSTRAINT; Schema: public; Owner: -
--

ALTER TABLE ONLY public."TechnologicalInstruction"
    ADD CONSTRAINT "FK_TechnologicalInstruction_Seams_SeamId" FOREIGN KEY ("SeamId") REFERENCES public."Seams"("Id") ON DELETE CASCADE;


--
-- Name: TechnologicalInstruction FK_TechnologicalInstruction_TechnologicalProcesses_Technologic~; Type: FK CONSTRAINT; Schema: public; Owner: -
--

ALTER TABLE ONLY public."TechnologicalInstruction"
    ADD CONSTRAINT "FK_TechnologicalInstruction_TechnologicalProcesses_Technologic~" FOREIGN KEY ("TechnologicalProcessId") REFERENCES public."TechnologicalProcesses"("Id");


--
-- Name: UserRoles FK_UserRoles_Roles_RoleId; Type: FK CONSTRAINT; Schema: public; Owner: -
--

ALTER TABLE ONLY public."UserRoles"
    ADD CONSTRAINT "FK_UserRoles_Roles_RoleId" FOREIGN KEY ("RoleId") REFERENCES public."Roles"("Id") ON DELETE CASCADE;


--
-- Name: UserRoles FK_UserRoles_Users_UserId; Type: FK CONSTRAINT; Schema: public; Owner: -
--

ALTER TABLE ONLY public."UserRoles"
    ADD CONSTRAINT "FK_UserRoles_Users_UserId" FOREIGN KEY ("UserId") REFERENCES public."Users"("Id") ON DELETE CASCADE;


--
-- Name: Users FK_Users_ProductionAreas_ProductionAreaId; Type: FK CONSTRAINT; Schema: public; Owner: -
--

ALTER TABLE ONLY public."Users"
    ADD CONSTRAINT "FK_Users_ProductionAreas_ProductionAreaId" FOREIGN KEY ("ProductionAreaId") REFERENCES public."ProductionAreas"("Id");


--
-- Name: WeldPassages FK_WeldPassages_Seams_SeamId; Type: FK CONSTRAINT; Schema: public; Owner: -
--

ALTER TABLE ONLY public."WeldPassages"
    ADD CONSTRAINT "FK_WeldPassages_Seams_SeamId" FOREIGN KEY ("SeamId") REFERENCES public."Seams"("Id") ON DELETE CASCADE;


--
-- Name: WeldPassages FK_WeldPassages_TechnologicalInstruction_TechnologicalInstruct~; Type: FK CONSTRAINT; Schema: public; Owner: -
--

ALTER TABLE ONLY public."WeldPassages"
    ADD CONSTRAINT "FK_WeldPassages_TechnologicalInstruction_TechnologicalInstruct~" FOREIGN KEY ("TechnologicalInstructionId") REFERENCES public."TechnologicalInstruction"("Id") ON DELETE CASCADE;


--
-- Name: Welders FK_Welders_Users_UserId; Type: FK CONSTRAINT; Schema: public; Owner: -
--

ALTER TABLE ONLY public."Welders"
    ADD CONSTRAINT "FK_Welders_Users_UserId" FOREIGN KEY ("UserId") REFERENCES public."Users"("Id") ON DELETE CASCADE;


--
-- Name: Welders FK_Welders_Workplaces_WorkplaceId; Type: FK CONSTRAINT; Schema: public; Owner: -
--

ALTER TABLE ONLY public."Welders"
    ADD CONSTRAINT "FK_Welders_Workplaces_WorkplaceId" FOREIGN KEY ("WorkplaceId") REFERENCES public."Workplaces"("Id");


--
-- Name: WeldingEquipmentConditionTimes FK_WeldingEquipmentConditionTimes_WeldingEquipments_WeldingEqu~; Type: FK CONSTRAINT; Schema: public; Owner: -
--

ALTER TABLE ONLY public."WeldingEquipmentConditionTimes"
    ADD CONSTRAINT "FK_WeldingEquipmentConditionTimes_WeldingEquipments_WeldingEqu~" FOREIGN KEY ("WeldingEquipmentId") REFERENCES public."WeldingEquipments"("Id") ON DELETE CASCADE;


--
-- Name: WeldingEquipments FK_WeldingEquipments_Posts_PostId; Type: FK CONSTRAINT; Schema: public; Owner: -
--

ALTER TABLE ONLY public."WeldingEquipments"
    ADD CONSTRAINT "FK_WeldingEquipments_Posts_PostId" FOREIGN KEY ("PostId") REFERENCES public."Posts"("Id");


--
-- Name: WeldingEquipments FK_WeldingEquipments_Welders_WelderId; Type: FK CONSTRAINT; Schema: public; Owner: -
--

ALTER TABLE ONLY public."WeldingEquipments"
    ADD CONSTRAINT "FK_WeldingEquipments_Welders_WelderId" FOREIGN KEY ("WelderId") REFERENCES public."Welders"("Id");


--
-- Name: WeldingTasks FK_WeldingTasks_Inspectors_InspectorId; Type: FK CONSTRAINT; Schema: public; Owner: -
--

ALTER TABLE ONLY public."WeldingTasks"
    ADD CONSTRAINT "FK_WeldingTasks_Inspectors_InspectorId" FOREIGN KEY ("InspectorId") REFERENCES public."Inspectors"("Id") ON DELETE CASCADE;


--
-- Name: WeldingTasks FK_WeldingTasks_Masters_MasterId; Type: FK CONSTRAINT; Schema: public; Owner: -
--

ALTER TABLE ONLY public."WeldingTasks"
    ADD CONSTRAINT "FK_WeldingTasks_Masters_MasterId" FOREIGN KEY ("MasterId") REFERENCES public."Masters"("Id") ON DELETE CASCADE;


--
-- Name: WeldingTasks FK_WeldingTasks_Products_ProductId; Type: FK CONSTRAINT; Schema: public; Owner: -
--

ALTER TABLE ONLY public."WeldingTasks"
    ADD CONSTRAINT "FK_WeldingTasks_Products_ProductId" FOREIGN KEY ("ProductId") REFERENCES public."Products"("Id");


--
-- Name: WeldingTasks FK_WeldingTasks_Seams_SeamId; Type: FK CONSTRAINT; Schema: public; Owner: -
--

ALTER TABLE ONLY public."WeldingTasks"
    ADD CONSTRAINT "FK_WeldingTasks_Seams_SeamId" FOREIGN KEY ("SeamId") REFERENCES public."Seams"("Id");


--
-- Name: WeldingTasks FK_WeldingTasks_Welders_WelderId; Type: FK CONSTRAINT; Schema: public; Owner: -
--

ALTER TABLE ONLY public."WeldingTasks"
    ADD CONSTRAINT "FK_WeldingTasks_Welders_WelderId" FOREIGN KEY ("WelderId") REFERENCES public."Welders"("Id") ON DELETE CASCADE;


--
-- Name: WorkingShifts FK_WorkingShifts_Calendars_CalendarId; Type: FK CONSTRAINT; Schema: public; Owner: -
--

ALTER TABLE ONLY public."WorkingShifts"
    ADD CONSTRAINT "FK_WorkingShifts_Calendars_CalendarId" FOREIGN KEY ("CalendarId") REFERENCES public."Calendars"("Id");


--
-- Name: WorkingShifts FK_WorkingShifts_Days_DayId; Type: FK CONSTRAINT; Schema: public; Owner: -
--

ALTER TABLE ONLY public."WorkingShifts"
    ADD CONSTRAINT "FK_WorkingShifts_Days_DayId" FOREIGN KEY ("DayId") REFERENCES public."Days"("Id");


--
-- Name: Workplaces FK_Workplaces_Posts_PostId; Type: FK CONSTRAINT; Schema: public; Owner: -
--

ALTER TABLE ONLY public."Workplaces"
    ADD CONSTRAINT "FK_Workplaces_Posts_PostId" FOREIGN KEY ("PostId") REFERENCES public."Posts"("Id");


--
-- Name: Workplaces FK_Workplaces_ProductionAreas_ProductionAreaId; Type: FK CONSTRAINT; Schema: public; Owner: -
--

ALTER TABLE ONLY public."Workplaces"
    ADD CONSTRAINT "FK_Workplaces_ProductionAreas_ProductionAreaId" FOREIGN KEY ("ProductionAreaId") REFERENCES public."ProductionAreas"("Id");


--
-- PostgreSQL database dump complete
--

